{
  "version": 1,
  "author": "Anonymous maker",
  "editor": "wokwi",
  "parts": [
    { "type": "wokwi-arduino-uno", "id": "uno", "top": 0, "left": 0, "attrs": {} },
    { "type": "wokwi-servo", "id": "servo2", "top": -117.2, "left": 374.4, "attrs": {} },
    {
      "type": "wokwi-slide-potentiometer",
      "id": "pot2",
      "top": 302.6,
      "left": 85.4,
      "attrs": { "travelLength": "30" }
    }
  ],
  "connections": [
    [ "servo2:V+", "uno:VIN", "green", [ "h0" ] ],
    [ "servo2:GND", "uno:GND.3", "black", [ "h0" ] ],
    [ "servo2:PWM", "uno:9", "green", [ "h0" ] ],
    [ "pot2:VCC", "uno:3.3V", "red", [ "h0" ] ],
    [ "pot2:GND", "uno:GND.2", "black", [ "v0" ] ],
    [ "pot2:SIG", "uno:A0", "green", [ "h451.2", "v-29.6", "h-28.8" ] ]
  ],
  "dependencies": {}
}