0.1855378,-7.24,9.38,-7.8,6.82,-100,-66.7
0.222733,-7.24,9.38,-7.8,6.82,-100,-66.7
0.2408688,-7.24,9.38,-7.8,6.82,-100,-66.7
0.2859726,-7.24,9.38,-7.8,6.82,-100,-66.7
0.337165,-7.24,9.38,-7.8,6.82,-100,-66.7
0.3745081,-7.24,9.38,-7.8,6.82,-100,-66.7
0.3911814,-7.24,9.38,-7.8,6.82,-100,-66.7
0.4092831,-7.24,9.38,-7.8,6.82,-100,-66.7
0.4288242,-7.24,9.38,-7.8,6.82,-100,-66.7
0.4493896,-8.21,9.16,-7.95,6.61,-100,-66.7
0.4948043,-8.21,9.16,-7.95,6.61,-100,-66.7
0.5120259,-8.21,9.16,-7.95,6.61,-100,-66.7
0.5280301,-8.21,9.16,-7.95,6.61,-100,-66.7
0.5451819,-8.21,9.16,-7.95,6.61,-100,-66.7
0.5598786,-8.21,9.16,-7.95,6.61,-100,-66.7
0.5756712,-8.21,9.16,-7.95,6.61,-100,-66.7
0.6156452,-8.21,9.16,-7.95,6.61,-100,-66.7
0.6413946,-8.21,9.16,-7.95,6.61,-100,-66.7
0.6589985,-8.21,9.16,-7.95,6.61,-100,-66.7
0.6771996,-8.21,9.16,-7.95,6.61,-100,-66.7
0.692365,-8.21,9.16,-7.95,6.61,-100,-66.7
0.7252579,-8.21,9.16,-7.95,6.61,-100,-66.7
0.7422486,-8.21,9.16,-7.95,6.46,-100,-66.7
0.7579404,-8.34,8.54,-8,6.46,-63.9,-51.8
0.7753065,-8.34,8.54,-8,6.46,-43.9,-51.8
0.7921427,-8.34,8.54,-8,6.46,-23.9,-51.8
0.8099854,-8.34,8.54,-8,6.46,-3.9,-51.8
0.8239992,-8.34,8.54,-8,6.46,16.1,-51.8
0.8602496,-8.34,8.54,-8,6.46,36.1,-51.8
0.8837211,-8.34,8.54,-8,6.46,56.1,-51.8
0.9078689,-8.34,8.54,-8,6.46,76.1,-51.8
0.9274277,-8.34,8.54,-8,6.46,96.1,-51.8
0.9399532,-8.34,8.54,-8,6.46,116.1,-51.8
0.9553262,-8.34,8.54,-8,6.46,116.1,-51.8
1.0014296,-8.34,8.54,-8,6.46,116.1,-51.8
1.0215365,-8.18,8.49,-7.95,6.61,116.1,-51.8
1.0357902,-8.18,8.49,-7.95,6.61,116.1,-51.8
1.063476,-8.18,8.49,-7.95,6.61,116.1,-51.8
1.0793193,-8.18,8.49,-7.95,6.61,116.1,-51.8
1.0971269,-8.18,8.49,-7.95,6.61,116.1,-51.8
1.1427088,-8.18,8.49,-7.95,6.61,116.1,-51.8
1.1651098,-8.18,8.49,-7.95,6.61,116.1,-51.8
1.1789254,-8.18,8.49,-7.95,6.61,116.1,-51.8
1.1948945,-8.18,8.49,-7.95,6.61,116.1,-51.8
1.2201735,-8.18,8.49,-7.95,6.61,116.1,-51.8
1.2355243,-8.18,8.49,-7.95,6.61,116.1,-51.8
1.2791628,-8.18,8.49,-7.95,6.61,116.1,-51.8
1.3012923,-8.18,8.49,-7.95,6.61,116.1,-51.8
1.3149466,-8.18,8.49,-7.95,6.61,116.1,-51.8
1.3350543,-7.72,8.7,-7.89,6.7,100,-51.8
1.358607,-7.72,8.7,-7.89,6.7,100,-51.8
1.377725,-7.72,8.7,-7.89,6.7,100,-51.8
1.4063248,-7.72,8.7,-7.89,6.7,100,-51.8
1.4246056,-7.72,8.7,-7.89,6.7,100,-51.8
1.4498385,-7.72,8.7,-7.89,6.7,100,-51.8
1.465484,-7.72,8.7,-7.89,6.7,100,-51.8
1.4838275,-7.72,8.7,-7.89,6.7,100,-51.8
1.4977158,-7.72,8.7,-7.89,6.7,100,-51.8
1.5363979,-7.72,8.7,-7.89,6.7,100,-51.8
1.5546382,-7.72,8.7,-7.89,6.7,100,-51.8
1.5710381,-7.72,8.7,-7.89,6.7,100,-51.8
1.5888386,-7.76,9,-7.89,6.7,100,-51.8
1.60403,-7.76,9,-7.89,6.7,100,-51.8
1.6298004,-7.76,9,-7.89,6.7,100,-51.8
1.6552194,-7.76,9,-7.89,6.7,100,-51.8
1.6789323,-7.76,9,-7.89,6.7,100,-51.8
1.6958183,-7.76,9,-7.89,6.7,100,-51.8
1.7109762,-7.76,9,-7.89,6.7,100,-51.8
1.7366073,-7.76,9,-7.89,6.7,100,-51.8
1.7523155,-7.76,9,-7.89,6.7,100,-51.8
1.783819,-7.76,9,-7.89,6.7,100,-51.8
1.8014908,-7.76,9,-7.89,6.7,100,-51.8
1.8164311,-7.76,9,-7.89,6.7,100,-51.8
1.833471,-7.76,9,-7.89,6.7,100,-51.8
1.8583678,-7.76,9,-7.89,6.7,100,-51.8
1.8735533,-7.98,8.78,-7.95,6.61,100,-51.8
1.8904347,-7.98,8.78,-7.95,6.61,100,-51.8
1.9221228,-7.98,8.78,-7.95,6.61,100,-51.8
1.9444699,-7.98,8.78,-7.95,6.61,100,-51.8
1.9645923,-7.98,8.78,-7.95,6.61,100,-51.8
1.9799821,-7.98,8.78,-7.95,6.61,100,-51.8
1.9966833,-7.98,8.78,-7.95,6.61,100,-51.8
2.023302,-7.98,8.78,-7.95,6.61,100,-51.8
2.0446249,-7.98,8.78,-7.95,6.61,100,-51.8
2.06138,-7.98,8.78,-7.95,6.61,100,-51.8
2.0765327,-7.98,8.78,-7.95,6.61,100,-51.8
2.0930158,-7.98,8.78,-7.95,6.61,100,-51.8
2.1090885,-7.98,8.78,-7.95,6.61,100,-51.8
2.1252992,-7.98,8.78,-7.95,6.61,100,-51.8
2.165653,-8.57,4.56,-9.39,4.75,-36.1,0
2.1890676,-8.57,4.56,-9.39,4.75,-56.1,0
2.205221,-8.57,4.56,-9.39,4.75,-76.1,0
2.2208819,-8.57,4.56,-9.39,4.75,-96.1,0
2.2455546,-8.57,4.56,-9.39,4.75,-116.1,0
2.2708329,-8.57,4.56,-9.39,4.75,-116.1,0
2.311258,-8.57,4.56,-9.39,4.75,-116.1,0
2.3279615,-8.57,4.56,-9.39,4.75,-116.1,0
2.3433377,-8.57,4.56,-9.39,4.75,-116.1,0
2.3595638,-8.57,4.56,-9.39,4.75,-116.1,0
2.3764578,-8.57,4.56,-9.39,4.75,-116.1,0
2.3935212,-8.57,4.56,-9.39,4.75,-116.1,0
2.4265481,-8.57,4.56,-9.39,4.75,-116.1,0
2.4523329,-8.57,4.56,-9.39,4.75,-116.1,0
2.4666585,-8.57,4.56,-9.39,4.75,-116.1,0
2.4842217,-8.57,4.56,-9.39,4.75,-116.1,0
2.5005523,-8.57,4.56,-9.39,4.75,-116.1,0
2.5151231,-8.45,5.32,-8.96,4.91,-116.1,0
2.5314847,-8.45,5.32,-8.96,4.91,0,-19.3
2.5756526,-8.45,5.32,-8.96,4.91,0,-23.7
2.596316,-8.45,5.32,-8.96,4.91,0,-28.1
2.6118649,-8.45,5.32,-8.96,4.91,0,-32.5
2.6287385,-8.45,5.32,-8.96,4.91,0,-36.9
2.6444853,-8.45,5.32,-8.96,4.91,0,-36.9
2.6602127,-8.45,5.32,-8.96,4.91,0,-36.9
2.6978155,-8.45,5.32,-8.96,4.91,0,-36.9
2.7175729,-8.45,5.32,-8.96,4.91,0,-36.9
2.74183,-8.45,5.32,-8.96,4.91,0,-36.9
2.7585622,-8.45,5.32,-8.96,4.91,0,-36.9
2.7824985,-8.45,5.32,-8.96,4.91,0,-36.9
2.7983444,-8.45,5.32,-8.96,4.91,0,-36.9
2.82695,-8.45,5.32,-8.96,4.91,0,-36.9
2.8552112,-6.7,9.72,-7.38,7.03,0,-38.6
2.8812701,-6.7,9.72,-7.38,7.03,0,-47.4
2.8967829,-6.7,9.72,-7.38,7.03,0,-51.8
2.9203201,-6.7,9.72,-7.38,7.03,0,-51.8
2.9519445,-6.7,9.72,-7.38,7.03,0,-51.8
2.9773953,-6.7,9.72,-7.38,7.03,0,-51.8
2.9928965,-6.7,9.72,-7.38,7.03,0,-51.8
3.0107579,-6.7,9.72,-7.38,7.03,0,-51.8
3.026963,-6.7,9.72,-7.38,7.03,0,-51.8
3.0426999,-6.7,9.72,-7.38,7.03,0,-51.8
3.0586466,-6.7,9.72,-7.38,7.03,0,-51.8
3.0984618,-6.7,9.72,-7.38,7.03,0,-51.8
3.1261646,-6.7,9.72,-7.38,7.03,0,-51.8
3.1430897,-6.7,9.72,-7.38,7.03,0,-51.8
3.1580092,-2.82,9.33,-3.34,6.93,-36.1,-66.7
3.1740576,-2.82,9.33,-3.34,6.93,-56.1,-66.7
3.189407,-2.82,9.33,-3.34,6.93,-76.1,-66.7
3.2202596,-2.82,9.33,-3.34,6.93,-96.1,-66.7
3.2385619,-2.82,9.33,-3.34,6.93,-116.1,-66.7
3.2637727,-2.82,9.33,-3.34,6.93,-116.1,-66.7
3.2804415,-2.82,9.33,-3.34,6.93,-116.1,-66.7
3.2988448,-2.82,9.33,-3.34,6.93,-116.1,-66.7
3.3212014,-2.82,9.33,-3.34,6.93,-116.1,-66.7
3.3478639,-2.82,9.33,-3.34,6.93,-116.1,-66.7
3.3655302,-2.82,9.33,-3.34,6.93,-116.1,-66.7
3.3852935,-2.82,9.33,-3.34,6.93,-116.1,-66.7
3.4017579,-2.82,9.33,-3.34,6.93,-116.1,-66.7
3.4183942,0.85,7.83,0.12,7.16,0,-19.3
3.4348972,0.85,7.83,0.12,7.16,0,-23.7
3.451209,0.85,7.83,0.12,7.16,0,-28.1
3.4828485,0.85,7.83,0.12,7.16,0,-32.5
3.5079098,0.85,7.83,0.12,7.16,0,-36.9
3.523381,0.85,7.83,0.12,7.16,0,-36.9
3.5435989,0.85,7.83,0.12,7.16,0,-36.9
3.558252,0.85,7.83,0.12,7.16,0,-36.9
3.5732556,0.85,7.83,0.12,7.16,0,-36.9
3.5888205,0.85,7.83,0.12,7.16,0,-36.9
3.6212839,0.85,7.83,0.12,7.16,0,-36.9
3.6362164,0.85,7.83,0.12,7.16,0,-36.9
3.6526363,0.85,7.83,0.12,7.16,0,-36.9
3.6777066,0.85,7.83,0.12,7.16,0,-36.9
3.7016349,0.85,7.83,0.12,7.16,0,-36.9
3.7352691,1.6,9.76,2.49,7.38,0,-51.8
3.7585032,1.6,9.76,2.49,7.38,0,-51.8
3.7755133,1.6,9.76,2.49,7.38,0,-51.8
3.7998088,1.6,9.76,2.49,7.38,0,-51.8
3.8167814,1.6,9.76,2.49,7.38,0,-51.8
3.8318204,1.6,9.76,2.49,7.38,0,-51.8
3.8586528,1.6,9.76,2.49,7.38,0,-51.8
3.880438,1.6,9.76,2.49,7.38,0,-51.8
3.8971277,1.6,9.76,2.49,7.38,0,-51.8
3.9127907,1.6,9.76,2.49,7.38,0,-51.8
3.9295362,1.6,9.76,2.49,7.38,0,-51.8
3.9438544,1.6,9.76,2.49,7.38,0,-51.8
3.9612151,1.6,9.76,2.49,7.38,0,-51.8
4.0052507,1.6,9.76,2.49,7.38,0,-51.8
4.0284888,1.6,9.76,2.49,7.38,0,-51.8
4.0527419,1.6,9.76,2.49,7.38,0,-51.8
4.0694106,4.28,8.82,2.57,7.62,-36.1,-36.9
4.0891007,4.28,8.82,2.57,7.62,-56.1,-36.9
4.1016928,4.28,8.82,2.57,7.62,-76.1,-36.9
4.1244356,4.28,8.82,2.57,7.62,-96.1,-36.9
4.1421905,4.28,8.82,2.57,7.62,-116.1,-36.9
4.1595535,4.28,8.82,2.57,7.62,-116.1,-36.9
4.1759689,4.28,8.82,2.57,7.62,-116.1,-36.9
4.2004086,4.28,8.82,2.57,7.62,-116.1,-36.9
4.2252722,4.28,8.82,2.57,7.62,-116.1,-36.9
4.2530087,4.28,8.82,2.57,7.62,-116.1,-36.9
4.2815899,4.28,8.82,2.57,7.62,-116.1,-36.9
4.2984068,4.28,8.82,2.57,7.62,-116.1,-36.9
4.3137746,4.28,8.82,2.57,7.62,-116.1,-36.9
4.3389932,2.11,10.56,2.52,7.44,-100,-66.7
4.3548857,2.11,10.56,2.52,7.44,-100,-66.7
4.3853695,2.11,10.56,2.52,7.44,-100,-66.7
4.4067907,2.11,10.56,2.52,7.44,-100,-66.7
4.4209296,2.11,10.56,2.52,7.44,-100,-66.7
4.4393102,2.11,10.56,2.52,7.44,-100,-66.7
4.45416,2.11,10.56,2.52,7.44,-100,-66.7
4.4760113,2.11,10.56,2.52,7.44,-100,-66.7
4.5101406,2.11,10.56,2.52,7.44,-100,-66.7
4.5297805,2.11,10.56,2.52,7.44,-100,-66.7
4.5445983,2.11,10.56,2.52,7.44,-100,-66.7
4.5688159,2.11,10.56,2.52,7.44,-100,-66.7
4.5933637,2.11,10.56,2.52,7.44,-100,-66.7
4.6090152,2.11,10.56,2.52,7.44,-100,-66.7
4.6403006,2.74,7.35,2.04,7.19,-100,-66.7
4.6606885,2.74,7.35,2.04,7.19,-100,-22
4.6744517,2.74,7.35,2.04,7.19,-100,-22
4.6987448,2.74,7.35,2.04,7.19,-100,-22
4.7232906,2.74,7.35,2.04,7.19,-100,-22
4.738657,2.74,7.35,2.04,7.19,-100,-22
4.7689799,2.74,7.35,2.04,7.19,-100,-22
4.7912025,2.74,7.35,2.04,7.19,-100,-22
4.8052166,2.74,7.35,2.04,7.19,-100,-22
4.8212448,2.74,7.35,2.04,7.19,-100,-22
4.8377867,2.74,7.35,2.04,7.19,-100,-22
4.8545037,2.74,7.35,2.04,7.19,-100,-22
4.8699871,2.74,7.35,2.22,7.2,-100,-22
4.9095783,2.64,7.68,2.22,7.2,-100,-22
4.9269462,2.64,7.68,2.22,7.2,-100,-22
4.942379,2.64,7.68,2.22,7.2,-100,-22
4.9590697,2.64,7.68,2.22,7.2,-100,-22
4.9759176,2.64,7.68,2.22,7.2,-100,-22
5.0002059,2.64,7.68,2.22,7.2,-100,-22
5.0314473,2.64,7.68,2.22,7.2,-100,-22
5.057951,2.64,7.68,2.22,7.2,-100,-22
5.0739523,2.64,7.68,2.22,7.2,-100,-22
5.0895061,2.64,7.68,2.22,7.2,-100,-22
5.116135,2.64,7.68,2.22,7.2,-100,-22
5.1321431,2.64,7.68,2.22,7.2,-100,-22
5.1738862,2.64,7.68,2.22,7.2,-100,-22
5.2030656,2.36,7.86,2.28,7.2,-100,-22
5.2218995,2.36,7.86,2.28,7.2,-100,-22
5.2360069,2.36,7.86,2.28,7.2,-100,-22
5.2606438,2.36,7.86,2.28,7.2,-100,-22
5.2771278,2.36,7.86,2.28,7.2,-100,-22
5.3092801,2.36,7.86,2.28,7.2,-100,-22
5.3263302,2.36,7.86,2.28,7.2,-100,-22
5.345004,2.36,7.86,2.28,7.2,-100,-22
5.3619147,2.36,7.86,2.28,7.2,-100,-22
5.377082,2.36,7.86,2.28,7.2,-100,-22
5.3928309,2.36,7.86,2.28,7.2,-100,-22
5.4112861,2.36,7.86,2.28,7.2,-100,-22
5.4418618,2.36,7.86,2.28,7.2,-100,-22
5.4598316,2.36,7.86,2.28,7.2,-100,-22
5.4752888,1.89,7.4,1.18,7.16,0,-22
5.4922634,1.89,7.4,1.18,7.16,0,-22
5.5085811,1.89,7.4,1.18,7.16,0,-22
5.5335546,1.89,7.4,1.18,7.16,0,-22
5.5466599,1.89,7.4,1.18,7.16,0,-22
5.5919215,1.89,7.4,1.18,7.16,0,-22
5.614454,1.89,7.4,1.18,7.16,0,-22
5.6310139,1.89,7.4,1.18,7.16,0,-22
5.64563,1.89,7.4,1.18,7.16,0,-22
5.6719315,1.89,7.4,1.18,7.16,0,-22
5.6877103,1.89,7.4,1.18,7.16,0,-22
5.7224222,1.89,7.4,1.18,7.16,0,-22
5.7451034,1.89,7.4,1.18,7.16,0,-22
5.7610555,1.89,7.4,1.18,7.16,0,-22
5.7773816,1.37,7.15,0.62,7.17,-36.1,-22
5.7942055,1.37,7.15,0.62,7.17,-56.1,-22
5.8098243,1.37,7.15,0.62,7.17,-76.1,-22
5.8253567,1.37,7.15,0.62,7.17,-96.1,-22
5.8563541,1.37,7.15,0.62,7.17,-116.1,-22
5.8765016,1.37,7.15,0.62,7.17,-116.1,-22
5.8923196,1.37,7.15,0.62,7.17,-116.1,-22
5.9091124,1.37,7.15,0.62,7.17,-116.1,-22
5.9241533,1.37,7.15,0.62,7.17,-116.1,-22
5.9403426,1.37,7.15,0.62,7.17,-116.1,-22
5.9555271,1.37,7.15,0.62,7.17,-116.1,-22
5.9808646,1.37,7.15,0.62,7.17,-116.1,-22
6.0004372,1.37,7.15,0.62,7.17,-116.1,-22
6.02394,1.37,7.15,0.62,7.17,-116.1,-22
6.0433314,1.37,7.15,0.62,7.17,-116.1,-22
6.0574297,0.91,7.02,0.2,7.16,-116.1,-22
6.0734681,0.91,7.02,0.2,7.16,-116.1,-22
6.1092898,0.91,7.02,0.2,7.16,-116.1,-22
6.1307997,0.91,7.02,0.2,7.16,-116.1,-22
6.1546614,0.91,7.02,0.2,7.16,-116.1,-22
6.1704406,0.91,7.02,0.2,7.16,-116.1,-22
6.1864491,0.91,7.02,0.2,7.16,-116.1,-22
6.2112756,0.91,7.02,0.2,7.16,-116.1,-22
6.2483884,0.91,7.02,0.2,7.16,-116.1,-22
6.2678922,0.91,7.02,0.2,7.16,-116.1,-22
6.2921871,0.91,7.02,0.2,7.16,-116.1,-22
6.3084474,0.91,7.02,0.2,7.16,-116.1,-22
6.3255824,0.91,7.02,0.2,7.16,-116.1,-22
6.3467402,0.91,7.02,0.2,7.16,-116.1,-22
6.3814661,0.71,7.15,-0.02,7.15,-100,-22
6.4142311,0.71,7.15,-0.02,7.15,-100,-22
6.4300265,0.71,7.15,-0.02,7.15,-100,-22
6.447368,0.71,7.15,-0.02,7.15,-100,-22
6.4704618,0.71,7.15,-0.02,7.15,-100,-22
6.4880349,0.71,7.15,-0.02,7.15,-100,-22
6.5163213,0.71,7.15,-0.02,7.15,-100,-22
6.544327,0.71,7.15,-0.02,7.15,-100,-22
6.5617368,0.71,7.15,-0.02,7.15,-100,-22
6.577625,0.71,7.15,-0.02,7.15,-100,-22
6.5933203,0.71,7.15,-0.02,7.15,-100,-22
6.6101332,0.71,7.15,-0.02,7.15,-100,-22
6.6485052,0.71,7.15,-0.02,7.15,-100,-22
6.675343,0.71,7.15,-0.02,7.15,-100,-22
6.6999964,0.71,7.15,-0.02,7.15,-100,-22
6.7159746,0.71,7.15,-0.02,7.15,-100,-22
6.7298935,0.71,7.15,-0.02,7.15,-100,-22
6.7434703,0.71,7.15,-0.02,7.15,-100,-22
6.7677097,0.71,7.15,-0.02,7.15,-100,-22
6.7889296,0.71,7.15,-0.02,7.15,-100,-22
6.8076832,0.71,7.15,-0.02,7.15,-100,-22
6.821673,0.71,7.15,-0.02,7.15,-100,-22
6.8394458,0.71,7.15,-0.02,7.15,-100,-22
6.8545349,0.71,7.15,-0.02,7.15,-100,-22
6.8710895,0.71,7.15,-0.02,7.15,-100,-22
6.8999941,0.71,7.15,-0.02,7.15,-100,-22
6.9294874,0.71,7.15,-0.02,7.15,-100,-22
6.9463358,0.71,7.15,-0.02,7.15,-100,-22
6.9617067,0.71,7.15,-0.02,7.15,-100,-22
6.9885475,0.71,7.15,-0.02,7.15,-100,-22
7.0055191,0.71,7.15,-0.02,7.15,-100,-22
7.0415631,0.71,7.15,-0.02,7.15,-100,-22
7.054532,0.71,7.15,-0.02,7.15,-100,-22
7.0706783,-1,7.01,-1.7,7.13,-36.1,-22
7.0941536,-1,7.01,-1.7,7.13,-56.1,-22
7.1072816,-1,7.01,-1.7,7.13,-76.1,-22
7.1201668,-1,7.01,-1.7,7.13,-96.1,-22
7.159906,-1,7.01,-1.7,7.13,-116.1,-22
7.1856625,-1,7.01,-1.7,7.13,-116.1,-22
7.210585,-1,7.01,-1.7,7.13,-116.1,-22
7.2286166,-1,7.01,-1.7,7.13,-116.1,-22
7.243737,-1,7.01,-1.7,7.13,-116.1,-22
7.2597466,-1,7.01,-1.7,7.13,-116.1,-22
7.285815,-1,7.01,-1.7,7.13,-116.1,-22
7.3017255,-1,7.01,-1.7,7.13,-116.1,-22
7.3246444,-2.21,7.05,-2.96,7.12,-116.1,-22
7.3413955,-2.21,7.05,-2.96,7.12,-36.1,-22
7.3566565,-2.21,7.05,-2.96,7.12,-56.1,-22
7.3765866,-2.21,7.05,-2.96,7.12,-76.1,-22
7.3900556,-2.21,7.05,-2.96,7.12,-96.1,-22
7.4241242,-2.21,7.05,-2.96,7.12,-116.1,-22
7.4514447,-2.21,7.05,-2.96,7.12,-116.1,-22
7.4725444,-2.21,7.05,-2.96,7.12,-116.1,-22
7.4888137,-2.21,7.05,-2.96,7.12,-116.1,-22
7.5052962,-2.21,7.05,-2.96,7.12,-116.1,-22
7.5420288,-2.21,7.05,-2.96,7.12,-116.1,-22
7.5621304,-2.21,7.05,-2.96,7.12,-116.1,-22
7.5860598,-3.07,6.76,-3.51,6.55,-36.1,0
7.6044379,-3.07,6.76,-3.51,6.55,-56.1,0
7.6194483,-3.07,6.76,-3.51,6.55,-76.1,0
7.6435193,-3.07,6.76,-3.51,6.55,-96.1,0
7.6711461,-3.07,6.76,-3.51,6.55,-116.1,0
7.691442,-3.07,6.76,-3.51,6.55,-116.1,0
7.7106231,-3.07,6.76,-3.51,6.55,-116.1,0
7.7253227,-3.07,6.76,-3.51,6.55,-116.1,0
7.7415925,-3.07,6.76,-3.51,6.55,-116.1,0
7.7577207,-3.07,6.76,-3.51,6.55,-116.1,0
7.7739844,-3.07,6.76,-3.51,6.55,-116.1,0
7.8029163,-3.07,6.76,-3.51,6.55,-116.1,0
7.8225306,-3.72,6.79,-3.65,6.02,-100,0
7.8407725,-3.72,6.79,-3.65,6.02,-100,0
7.8577049,-3.72,6.79,-3.65,6.02,-100,0
7.8729525,-3.72,6.79,-3.65,6.02,-100,0
7.890499,-3.72,6.79,-3.65,6.02,-100,0
7.9041401,-3.72,6.79,-3.65,6.02,-100,0
7.9365762,-3.72,6.79,-3.65,6.02,-100,0
7.9634591,-3.72,6.79,-3.65,6.02,-100,0
7.9888001,-3.72,6.79,-3.65,6.02,-100,0
8.0115654,-3.72,6.79,-3.65,6.02,-100,0
8.027934,-3.72,6.79,-3.65,6.02,-100,0
8.0554959,-3.72,6.79,-3.65,6.02,-100,0
8.093362,-3.72,6.79,-3.65,6.02,-100,0
8.1172445,-3.72,6.79,-3.65,6.02,-100,0
8.149084,-3.65,6.41,-3.82,5.75,-100,-19.3
8.1931414,-3.65,6.41,-3.82,5.75,-100,-23.7
8.2151362,-3.65,6.41,-3.82,5.75,-100,-28.1
8.2614847,-3.65,6.41,-3.82,5.75,-100,-32.5
8.2738967,-3.65,6.41,-3.82,5.75,-100,-36.9
8.2965767,-3.65,6.41,-3.82,5.75,-100,-36.9
8.3708343,-3.65,6.41,-3.82,5.75,-100,-36.9
8.4817493,-3.65,6.41,-3.82,5.75,-100,-36.9
8.5154197,-3.65,6.41,-3.82,5.75,-100,-36.9
8.6835499,-3.65,6.41,-3.82,5.75,-100,-36.9
8.7205312,-3.65,6.41,-3.82,5.75,-100,-36.9
8.7364113,-3.65,6.41,-3.82,5.75,-100,-36.9
8.7588992,-3.65,6.41,-3.82,5.75,-100,-36.9
8.7709425,-3.95,5.61,-4.66,5.61,-36.1,-22
8.7861946,-3.95,5.61,-4.66,5.61,-56.1,-22
8.8337529,-3.95,5.61,-4.66,5.61,-76.1,-22
8.8600257,-3.95,5.61,-4.66,5.61,-96.1,-22
8.8762153,-3.95,5.61,-4.66,5.61,-116.1,-22
8.8929452,-3.95,5.61,-4.66,5.61,-116.1,-22
8.9089125,-3.95,5.61,-4.66,5.61,-116.1,-22
8.9253415,-3.95,5.61,-4.66,5.61,-116.1,-22
8.9552212,-3.95,5.61,-4.66,5.61,-116.1,-22
8.9746393,-3.95,5.61,-4.66,5.61,-116.1,-22
9.0148873,-3.95,5.61,-4.66,5.61,-116.1,-22
9.0411467,-3.95,5.61,-4.66,5.61,-116.1,-22
9.0746385,-3.95,5.61,-4.66,5.61,-116.1,-22
9.0975864,-3.95,5.61,-4.66,5.61,-116.1,-22
9.1138985,-3.95,5.61,-4.66,5.61,-116.1,-22
9.1302825,-3.95,5.61,-4.66,5.61,-116.1,-22
9.1460408,-3.95,5.61,-4.66,5.61,-116.1,-22
9.1624985,-3.95,5.61,-4.66,5.61,-116.1,-22
9.1788293,-3.95,5.61,-4.66,5.61,-116.1,-22
9.2670342,-3.95,5.61,-4.66,5.61,-116.1,-22
9.32622,-3.95,5.61,-4.66,5.61,-116.1,-22
9.3427711,-3.95,5.61,-4.66,5.61,-116.1,-22
9.3593488,-3.95,5.61,-4.66,5.61,-116.1,-22
9.3752229,-3.95,5.61,-4.66,5.61,-116.1,-22
9.4116125,-3.95,5.61,-4.66,5.61,-116.1,-22
9.4387331,-3.95,5.61,-4.66,5.61,-116.1,-22
9.4559258,-3.95,5.61,-4.66,5.61,-116.1,-22
9.4712332,-3.95,5.61,-4.66,5.61,-116.1,-22
9.4899938,-3.95,5.61,-4.66,5.61,-116.1,-22
9.599171,-3.95,5.61,-4.66,5.61,-116.1,-22
9.6564602,-3.95,5.61,-4.66,5.61,-116.1,-22
9.6719313,-3.95,5.61,-4.66,5.61,-116.1,-22
9.688513,-3.95,5.61,-4.66,5.61,-116.1,-22
9.7047788,-3.95,5.61,-4.66,5.61,-116.1,-22
9.7480139,-3.95,5.61,-4.66,5.61,-116.1,-22
9.7707869,-3.95,5.61,-4.66,5.61,-116.1,-22
9.7871265,-3.95,5.61,-4.66,5.61,-116.1,-22
9.8111021,-3.95,5.61,-4.66,5.61,-116.1,-22
9.8272793,-3.95,5.61,-4.66,5.61,-116.1,-22
9.8428905,-3.95,5.61,-4.66,5.61,-116.1,-22
9.8887728,-3.95,5.61,-4.66,5.61,-116.1,-22
9.9407427,-3.95,5.61,-4.66,5.61,-116.1,-22
9.9571004,-3.95,5.61,-4.66,5.61,-116.1,-22
9.9737069,-3.95,5.61,-4.66,5.61,-116.1,-22
9.9897625,-3.95,5.61,-4.66,5.61,-116.1,-22
10.0056388,-3.95,5.61,-4.66,5.61,-116.1,-22
10.089277,-3.95,5.61,-4.66,5.61,-116.1,-22
10.1136984,-3.95,5.61,-4.66,5.61,-116.1,-22
10.1907238,-3.95,5.61,-4.66,5.61,-116.1,-22
10.22345,-3.95,5.61,-4.66,5.61,-116.1,-22
10.2594382,-3.95,5.61,-4.66,5.61,-116.1,-22
10.2754509,-3.95,5.61,-4.66,5.61,-116.1,-22
10.2915899,-3.95,5.61,-4.66,5.61,-116.1,-22
10.3083643,-3.95,5.61,-4.66,5.61,-116.1,-22
10.3247085,-3.95,5.61,-4.66,5.61,-116.1,-22
10.3665376,-3.95,5.61,-4.66,5.61,-116.1,-22
10.4375538,-3.95,5.61,-4.66,5.61,-116.1,-22
10.4544433,-3.95,5.61,-4.66,5.61,-116.1,-22
10.4876904,-3.95,5.61,-4.66,5.61,-116.1,-22
10.5025389,-3.95,5.61,-4.66,5.61,-116.1,-22
10.5218516,-3.95,5.61,-4.66,5.61,-116.1,-22
10.5377385,-3.95,5.61,-4.66,5.61,-116.1,-22
10.5709924,-3.95,5.61,-4.66,5.61,-116.1,-22
10.6254249,-3.95,5.61,-4.66,5.61,-116.1,-22
10.652205,-3.95,5.61,-4.66,5.61,-116.1,-22
10.7016057,-3.95,5.61,-4.66,5.61,-116.1,-22
10.7169698,-3.95,5.61,-4.66,5.61,-116.1,-22
10.7292272,-3.95,5.61,-4.66,5.61,-116.1,-22
10.7668675,-3.95,5.61,-4.66,5.61,-116.1,-22
10.7908307,-3.95,5.61,-4.66,5.61,-116.1,-22
10.808082,-3.95,5.61,-4.66,5.61,-116.1,-22
10.8247511,-3.95,5.61,-4.66,5.61,-116.1,-22
10.8408699,-3.95,5.61,-4.66,5.61,-116.1,-22
10.8579389,-3.95,5.61,-4.66,5.61,-116.1,-22
10.8736423,-3.95,5.61,-4.66,5.61,-116.1,-22
10.920675,-3.95,5.61,-4.66,5.61,-116.1,-22
10.9469893,-3.95,5.61,-4.66,5.61,-116.1,-22
10.9720505,-3.95,5.61,-4.66,5.61,-116.1,-22
10.9896252,-4.46,6.15,-5.16,5.68,-36.1,-36.9
11.0051429,-4.46,6.15,-5.16,5.68,-56.1,-36.9
11.02215,-4.46,6.15,-5.16,5.68,-76.1,-36.9
11.0584054,-4.46,6.15,-5.16,5.68,-96.1,-36.9
11.0794838,-4.46,6.15,-5.16,5.68,-116.1,-36.9
11.0965553,-4.46,6.15,-5.16,5.68,-116.1,-36.9
11.1122264,-4.46,6.15,-5.16,5.68,-116.1,-36.9
11.1615429,-4.46,6.15,-5.16,5.68,-116.1,-36.9
11.2287656,-4.46,6.15,-5.16,5.68,-116.1,-36.9
11.2592371,-4.46,6.15,-5.16,5.68,-116.1,-36.9
11.275578,-4.46,6.15,-5.16,5.68,-116.1,-36.9
11.2929892,-4.46,6.15,-5.16,5.68,-116.1,-36.9
11.3080175,-4.46,6.15,-5.81,6.56,-116.1,-36.9
11.3275909,-5.1,6.22,-5.81,6.56,-116.1,0
11.3644812,-5.1,6.22,-5.81,6.56,-116.1,0
11.3905734,-5.1,6.22,-5.81,6.56,-116.1,0
11.4068925,-5.1,6.22,-5.81,6.56,-116.1,0
11.4241597,-5.1,6.22,-5.81,6.56,-116.1,0
11.4397987,-5.1,6.22,-5.81,6.56,-116.1,0
11.4565348,-5.1,6.22,-5.81,6.56,-116.1,0
11.4730092,-5.1,6.22,-5.81,6.56,-116.1,0
11.5062273,-5.1,6.22,-5.81,6.56,-116.1,0
11.5235042,-5.1,6.22,-5.81,6.56,-116.1,0
11.5470641,-5.1,6.22,-5.81,6.56,-116.1,0
11.5592904,-5.1,6.22,-5.81,6.56,-116.1,0
11.5715874,-5.1,6.22,-5.81,6.56,-116.1,0
11.5883674,-5.1,6.22,-5.81,6.56,-116.1,0
11.6048757,-5.1,6.22,-5.81,6.56,-116.1,0
11.637832,-5.1,6.22,-5.81,6.56,-116.1,0
11.654323,-5.1,6.22,-5.81,6.56,-116.1,0
11.6686615,-5.1,6.24,-6.1,6.96,-116.1,0
11.6928522,-6.15,6.24,-6.1,6.96,-36.1,0
11.715182,-6.15,6.24,-6.1,6.96,-56.1,0
11.7273852,-6.15,6.24,-6.1,6.96,-76.1,0
11.7536445,-6.15,6.24,-6.1,6.96,-96.1,0
11.7766129,-6.15,6.24,-6.1,6.96,-116.1,0
11.8011665,-6.15,6.24,-6.1,6.96,-116.1,0
11.8149269,-6.15,6.24,-6.1,6.96,-116.1,0
11.8427392,-6.15,6.24,-6.1,6.96,-116.1,0
11.857771,-6.15,6.24,-6.1,6.96,-116.1,0
11.8874811,-6.15,6.24,-6.1,6.96,-116.1,0
11.9068868,-6.15,6.24,-6.1,6.96,-100,0
11.9223723,-6.15,6.24,-6.1,6.96,-100,0
11.9395278,-6.15,6.24,-6.1,6.96,-100,0
11.9556756,-6.15,6.24,-6.1,6.96,-100,0
11.9735326,-6.15,6.24,-6.1,6.96,-100,0
11.9897203,-6.15,6.24,-6.1,6.96,-100,0
12.0257372,-6.15,6.24,-6.1,6.96,-100,0
12.0542897,-6.15,6.24,-6.1,6.96,-100,0
12.0695186,-6.15,6.24,-6.1,6.96,-100,0
12.0863571,-6.15,6.24,-6.1,6.96,-100,0
12.1028468,-6.15,6.24,-6.1,6.96,-100,0
12.1185442,-6.15,6.24,-6.1,6.96,-100,0
12.1500802,-6.15,6.24,-6.1,6.96,-100,0
12.1765494,-6.15,6.24,-6.1,6.96,-100,0
12.2001164,-6.15,6.24,-6.1,6.96,-100,0
12.21606,-6.15,6.24,-6.1,6.96,-100,0
12.2322446,-6.15,6.24,-6.1,6.96,-100,0
12.2653541,-6.15,6.24,-6.1,6.96,-100,0
12.2887817,-6.15,6.24,-6.1,6.96,-100,0
12.3051091,-6.15,6.24,-6.1,6.96,-100,0
12.32014,-6.15,6.24,-6.1,6.96,-100,0
12.3375189,-6.15,6.24,-6.1,6.96,-100,0
12.35555,-6.15,6.24,-6.1,6.96,-100,0
12.3870898,-6.15,6.24,-6.1,6.96,-100,0
12.4115441,-6.15,6.24,-6.1,6.96,-100,0
12.4339732,-6.15,6.24,-6.1,6.96,-100,0
12.4590766,-6.15,6.24,-6.1,6.96,-100,0
12.4749384,-6.15,6.24,-6.1,6.96,-100,0
12.4907871,-6.15,6.24,-6.1,6.96,-100,0
12.5250823,-6.15,6.24,-6.1,6.96,-100,0
12.5566015,-6.15,6.24,-6.1,6.96,-100,0
12.5723983,-6.15,6.24,-6.1,6.96,-100,0
12.5978625,-6.15,6.24,-6.1,6.96,-100,0
12.6102731,-6.15,6.24,-6.1,6.96,-100,0
12.6222755,-6.15,6.24,-6.1,6.96,-100,0
12.6511747,-6.15,6.24,-6.1,6.96,-100,0
12.670613,-6.15,6.24,-6.1,6.96,-100,0
12.6898135,-6.15,6.24,-6.1,6.96,-100,0
12.7021038,-6.15,6.24,-6.1,6.96,-100,0
12.7188157,-6.15,6.24,-6.1,6.96,-100,0
12.7351458,-6.15,6.24,-6.1,6.96,-100,0
12.7511785,-6.15,6.24,-6.1,6.96,-100,0
12.7779225,-6.15,6.24,-6.1,6.96,-100,0
12.80812,-6.15,6.24,-6.1,6.96,-100,0
12.8245616,-6.15,6.24,-6.1,6.96,-100,0
12.840855,-6.15,6.24,-6.1,6.96,-100,0
12.8568229,-6.15,6.24,-6.1,6.96,-100,0
12.8736131,-6.15,6.24,-6.1,6.96,-100,0
12.9012083,-6.15,6.24,-6.1,6.96,-100,0
12.9215292,-6.15,6.24,-6.1,6.96,-100,0
12.9463181,-6.15,6.24,-6.1,6.96,-100,0
12.9628293,-6.15,6.24,-6.1,6.96,-100,0
12.979307,-6.15,6.24,-6.1,6.96,-100,0
12.9961026,-6.15,6.24,-6.1,6.96,-100,0
13.0366079,-6.15,6.24,-6.1,6.96,-100,0
13.0544001,-6.15,6.24,-6.1,6.96,-100,0
13.0772249,-6.15,6.24,-6.1,6.96,-100,0
13.0937182,-6.15,6.24,-6.1,6.96,-100,0
13.1120902,-6.15,6.24,-6.1,6.96,-100,0
13.1340219,-6.15,6.24,-6.1,6.96,-100,0
13.1638274,-6.15,6.24,-6.1,6.96,-100,0
13.1918213,-6.15,6.24,-6.1,6.96,-100,0
13.2081682,-6.15,6.24,-6.1,6.96,-100,0
13.2244082,-6.15,6.24,-6.1,6.96,-100,0
13.2407196,-6.15,6.24,-6.1,6.96,-100,0
13.2628398,-6.15,6.24,-6.1,6.96,-100,0
13.2931744,-6.15,6.24,-6.1,6.96,-100,0
13.3089957,-6.15,6.24,-6.1,6.96,-100,0
13.3230358,-6.15,6.24,-6.1,6.96,-100,0
13.3407571,-6.15,6.24,-6.1,6.96,-100,0
13.3554633,-6.15,6.24,-6.1,6.96,-100,0
13.3766168,-6.15,6.24,-6.1,6.96,-100,0
13.38921,-6.15,6.24,-6.1,6.96,-100,0
13.4248186,-6.15,6.24,-6.1,6.96,-100,0
13.4459363,-6.15,6.24,-6.1,6.96,-100,0
13.4707756,-6.15,6.24,-6.1,6.96,-100,0
13.4859223,-6.15,6.24,-6.1,6.96,-100,0
13.5043527,-6.15,6.24,-6.1,6.96,-100,0
13.519305,-6.15,6.24,-6.1,6.96,-100,0
13.5492482,-6.15,6.24,-6.1,6.96,-100,0
13.5702946,-6.15,6.24,-6.1,6.96,-100,0
13.5850854,-6.15,6.24,-6.1,6.96,-100,0
13.6017745,-6.15,6.24,-6.1,6.96,-100,0
13.624764,-6.15,6.24,-6.1,6.96,-100,0
13.6429498,-6.15,6.24,-6.1,6.96,-100,0
13.683925,-6.15,6.24,-6.1,6.96,-100,0
13.708029,-6.15,6.24,-6.1,6.96,-100,0
13.7314054,-6.15,6.24,-6.1,6.96,-100,0
13.7484365,-6.15,6.24,-6.1,6.96,-100,0
13.7638745,-6.15,6.24,-6.1,6.96,-100,0
13.7799266,-6.15,6.24,-6.1,6.96,-100,0
13.8128325,-6.15,6.24,-6.1,6.96,-100,0
13.8360975,-6.15,6.24,-6.1,6.96,-100,0
13.8549472,-6.15,6.24,-6.1,6.96,-100,0
13.8680028,-6.15,6.24,-6.1,6.96,-100,0
13.8864736,-6.15,6.24,-6.1,6.96,-100,0
13.9015556,-6.15,6.24,-6.1,6.96,-100,0
13.9178732,-6.15,6.24,-6.1,6.96,-100,0
13.9603676,-6.15,6.24,-6.1,6.96,-100,0
13.9827219,-6.15,6.24,-6.1,6.96,-100,0
14.0076972,-6.15,6.24,-6.1,6.96,-100,0
14.0241529,-6.15,6.24,-6.1,6.96,-100,0
14.0411572,-6.15,6.24,-6.1,6.96,-100,0
14.0650506,-6.15,6.24,-6.1,6.96,-100,0
14.1048423,-6.15,6.24,-6.1,6.96,-100,0
14.128443,-6.15,6.24,-6.1,6.96,-100,0
14.1486726,-6.15,6.24,-6.1,6.96,-100,0
14.165199,-6.15,6.24,-6.1,6.96,-100,0
14.1813318,-6.15,6.24,-6.1,6.96,-100,0
14.1971282,-6.15,6.24,-6.1,6.96,-100,0
14.2113924,-6.15,6.24,-6.1,6.96,-100,0
14.2386407,-6.15,6.24,-6.1,6.96,-100,0
14.2545992,-6.15,6.24,-6.1,6.96,-100,0
14.2731793,-6.15,6.24,-6.1,6.96,-100,0
14.2870762,-6.15,6.24,-6.1,6.96,-100,0
14.3035679,-6.15,6.24,-6.1,6.96,-100,0
14.3193108,-6.15,6.24,-6.1,6.96,-100,0
14.3366947,-6.15,6.24,-6.1,6.96,-100,0
14.3738007,-6.16,7.17,-6.94,7.1,-100,19.3
14.3933358,-6.16,7.17,-6.94,7.1,-100,23.7
14.4087334,-6.16,7.17,-6.94,7.1,-100,28.1
14.4254037,-6.16,7.17,-6.94,7.1,-100,32.5
14.4411179,-6.16,7.17,-6.94,7.1,-100,36.9
14.458653,-6.16,7.17,-6.94,7.1,-100,36.9
14.4731671,-6.16,7.17,-6.94,7.1,-100,36.9
14.5040728,-6.16,7.17,-6.94,7.1,-100,36.9
14.5224455,-6.16,7.17,-6.94,7.1,-100,36.9
14.5478807,-6.16,7.17,-6.94,7.1,-100,36.9
14.5718575,-6.16,7.17,-6.94,7.1,-100,36.9
14.5877536,-6.16,7.17,-6.94,7.1,-100,36.9
14.6049074,-6.16,7.17,-6.94,7.1,-100,36.9
14.6318687,-6.16,7.17,-6.94,7.1,-100,36.9
14.6540359,-6.37,7.4,-7.2,7.07,-36.1,22
14.6747921,-6.37,7.4,-7.2,7.07,-56.1,22
14.6870799,-6.37,7.4,-7.2,7.07,-76.1,22
14.7121459,-6.37,7.4,-7.2,7.07,-96.1,22
14.7368853,-6.37,7.4,-7.2,7.07,-116.1,22
14.7713166,-6.37,7.4,-7.2,7.07,-116.1,22
14.7865698,-6.37,7.4,-7.2,7.07,-116.1,22
14.8062448,-6.37,7.4,-7.2,7.07,-116.1,22
14.8185394,-6.37,7.4,-7.2,7.07,-116.1,22
14.8333182,-6.37,7.4,-7.2,7.07,-116.1,22
14.8585307,-6.37,7.4,-7.2,7.07,-116.1,22
14.8743967,-6.37,7.4,-7.2,7.07,-116.1,22
14.9015667,-6.37,7.4,-7.2,7.07,-116.1,22
14.928483,-6.37,7.4,-7.2,7.07,-116.1,22
14.9406623,-6.37,7.4,-7.2,7.07,-116.1,22
14.9552462,-6.37,7.4,-7.2,7.07,-116.1,22
14.9715263,-6.37,7.4,-7.2,7.07,-116.1,22
14.9874614,-6.37,7.4,-7.2,7.07,-116.1,22
15.002576,-6.37,7.4,-7.2,7.07,-116.1,22
15.0330657,-6.37,7.4,-7.2,7.07,-116.1,22
15.0524749,-6.37,7.4,-7.2,7.07,-116.1,22
15.0776528,-6.37,7.4,-7.89,6.7,-116.1,22
15.0937604,-7.59,8.05,-7.89,6.7,-100,-19.3
15.1093143,-7.59,8.05,-7.89,6.7,-100,-23.7
15.1338077,-7.59,8.05,-7.89,6.7,-100,-28.1
15.1549012,-7.59,8.05,-7.89,6.7,-100,-32.5
15.1830384,-7.59,8.05,-7.89,6.7,-100,-36.9
15.2076693,-7.59,8.05,-7.89,6.7,-100,-36.9
15.2244439,-7.59,8.05,-7.89,6.7,-100,-36.9
15.2483213,-7.59,8.05,-7.89,6.7,-100,-36.9
15.2842847,-7.59,8.05,-7.89,6.7,-100,-36.9
15.3030645,-7.59,8.05,-7.89,6.7,-100,-36.9
15.319144,-7.59,8.05,-7.89,6.7,-100,-36.9
15.332003,-7.59,8.05,-7.89,6.7,-100,-36.9
15.3442231,-7.59,8.05,-7.89,6.7,-100,-36.9
15.3612421,-7.59,7.92,-8.03,6.29,-100,-36.9
15.374015,-8.39,7.92,-8.03,6.29,-63.9,-36.9
15.3856865,-8.39,7.92,-8.03,6.29,-43.9,-36.9
15.4140612,-8.39,7.92,-8.03,6.29,-23.9,-36.9
15.4375022,-8.39,7.92,-8.03,6.29,-3.9,-36.9
15.45697,-8.39,7.92,-8.03,6.29,16.1,-36.9
15.4696953,-8.39,7.92,-8.03,6.29,36.1,-36.9
15.4931885,-8.39,7.92,-8.03,6.29,56.1,-36.9
15.5092665,-8.39,7.92,-8.03,6.29,76.1,-36.9
15.5385466,-8.39,7.92,-8.03,6.29,96.1,-36.9
15.5575154,-8.39,7.92,-8.03,6.29,116.1,-36.9
15.5739088,-8.39,7.92,-8.03,6.29,0,-36.9
15.5901263,-8.39,7.92,-8.03,6.29,0,-36.9
15.6067738,-8.39,7.92,-8.03,6.29,0,-36.9
15.6226152,-8.39,7.92,-8.03,6.29,0,-36.9
15.6384891,-8.39,7.92,-8.03,6.29,0,-36.9
15.6716048,-8.39,7.92,-8.03,6.29,0,-36.9
15.686738,-8.39,7.92,-8.03,6.29,0,-36.9
15.7046237,-8.39,7.92,-8.03,6.29,0,-36.9
15.718769,-8.39,7.92,-8.03,6.29,0,-36.9
15.7434712,-8.39,7.92,-8.03,6.29,0,-36.9
15.7599678,-8.39,7.92,-8.03,6.29,0,-36.9
15.7758028,-8.39,7.92,-8.03,6.29,0,-36.9
15.8113377,-8.39,7.92,-8.03,6.29,0,-36.9
15.8254781,-8.39,7.92,-8.03,6.29,0,-36.9
15.8414147,-8.39,7.92,-8.03,6.29,0,-36.9
15.8664096,-8.39,7.92,-8.03,6.29,0,-36.9
15.8904245,-8.39,7.92,-8.03,6.29,0,-36.9
15.9062745,-8.39,7.92,-8.03,6.29,0,-36.9
15.9342197,-8.39,7.92,-8.03,6.29,0,-36.9
15.9578721,-8.39,7.92,-8.03,6.29,0,-36.9
15.9715161,-8.39,7.92,-8.03,6.29,0,-36.9
15.9877847,-8.39,7.92,-8.03,6.29,0,-36.9
16.0033323,-8.39,7.92,-8.03,6.29,0,-36.9
16.0197779,-8.39,7.92,-8.03,5.88,0,-36.9
16.0362141,-9.55,7.16,-8.08,5.88,36.1,-38.6
16.066321,-9.55,7.16,-8.08,5.88,56.1,-47.4
16.0857822,-9.55,7.16,-8.08,5.88,76.1,-51.8
16.1018628,-9.55,7.16,-8.08,5.88,96.1,-51.8
16.119071,-9.55,7.16,-8.08,5.88,116.1,-51.8
16.1400628,-9.55,7.16,-8.08,5.88,116.1,-51.8
16.1558226,-9.55,7.16,-8.08,5.88,116.1,-51.8
16.1688021,-9.55,7.16,-8.08,5.88,116.1,-51.8
16.2043675,-9.55,7.16,-8.08,5.88,116.1,-51.8
16.2247494,-9.55,7.16,-8.08,5.88,116.1,-51.8
16.2412567,-9.55,7.16,-8.08,5.88,116.1,-51.8
16.2579093,-9.55,7.16,-8.08,5.88,116.1,-51.8
16.2743226,-9.76,7.53,-8.08,5.94,116.1,-51.8
16.2899619,-9.76,7.53,-8.08,5.94,116.1,-51.8
16.3061451,-9.76,7.53,-8.08,5.94,116.1,-51.8
16.3369406,-9.76,7.53,-8.08,5.94,116.1,-51.8
16.3545306,-9.76,7.53,-8.08,5.94,116.1,-51.8
16.3722445,-9.76,7.53,-8.08,5.94,116.1,-51.8
16.388605,-9.76,7.53,-8.08,5.94,116.1,-51.8
16.4061636,-9.76,7.53,-8.08,5.94,116.1,-51.8
16.4214259,-9.76,7.53,-8.08,5.94,116.1,-51.8
16.4426461,-9.76,7.53,-8.08,5.94,116.1,-51.8
16.4861743,-9.76,7.53,-8.08,5.94,116.1,-51.8
16.5014934,-9.76,7.53,-8.08,5.94,116.1,-51.8
16.5279043,-9.64,7.7,-8.08,6,116.1,-51.8
16.5531807,-9.64,7.7,-8.08,6,116.1,-51.8
16.5684738,-9.64,7.7,-8.08,6,116.1,-51.8
16.59601,-9.64,7.7,-8.08,6,116.1,-51.8
16.6111318,-9.64,7.7,-8.08,6,116.1,-51.8
16.6270105,-9.64,7.7,-8.08,6,116.1,-51.8
16.6427496,-9.64,7.7,-8.08,6,116.1,-51.8
16.6582182,-9.64,7.7,-8.08,6,116.1,-51.8
16.675251,-9.64,7.7,-8.08,6,116.1,-51.8
16.6923103,-9.64,7.7,-8.08,6,116.1,-51.8
16.727463,-9.64,7.7,-8.08,6,116.1,-51.8
16.7578984,-9.64,7.7,-8.08,6,116.1,-51.8
16.7745754,-9.64,7.7,-8.08,6,116.1,-51.8
16.7903197,-9.74,7.72,-8.08,6,116.1,-51.8
16.8065896,-9.74,7.72,-8.08,6,116.1,-51.8
16.8234099,-9.74,7.72,-8.08,6,116.1,-51.8
16.8498788,-9.74,7.72,-8.08,6,116.1,-51.8
16.87167,-9.74,7.72,-8.08,6,116.1,-51.8
16.8878722,-9.74,7.72,-8.08,6,116.1,-51.8
16.9041146,-9.74,7.72,-8.08,6,116.1,-51.8
16.9201744,-9.74,7.72,-8.08,6,116.1,-51.8
16.9363863,-9.74,7.72,-8.08,6,116.1,-51.8
16.9523137,-9.74,7.72,-8.08,6,116.1,-51.8
16.991478,-9.74,7.72,-8.08,6,116.1,-51.8
17.0093296,-9.74,7.72,-8.08,6,116.1,-51.8
17.0251535,-9.74,7.72,-8.08,6,116.1,-51.8
17.0509978,-9.74,7.78,-8.08,6,116.1,-51.8
17.0750823,-9.72,7.78,-8.08,6,116.1,-51.8
17.0956292,-9.72,7.78,-8.08,6,116.1,-51.8
17.1286355,-9.72,7.78,-8.08,6,116.1,-51.8
17.1571622,-9.72,7.78,-8.08,6,116.1,-51.8
17.1731277,-9.72,7.78,-8.08,6,116.1,-51.8
17.1926202,-9.72,7.78,-8.08,6,116.1,-51.8
17.2058633,-9.72,7.78,-8.08,6,116.1,-51.8
17.2209475,-9.72,7.78,-8.08,6,116.1,-51.8
17.2491432,-9.72,7.78,-8.08,6,116.1,-51.8
17.2704074,-9.72,7.78,-8.08,6,116.1,-51.8
17.2866236,-9.72,7.78,-8.08,6,116.1,-51.8
17.3036046,-9.72,7.78,-8.08,6,116.1,-51.8
17.3198425,-9.73,7.78,-8.08,6,116.1,-51.8
17.3368649,-9.73,7.78,-8.08,6,116.1,-51.8
17.3512982,-9.73,7.78,-8.08,6,116.1,-51.8
17.3788767,-9.73,7.78,-8.08,6,116.1,-51.8
17.3952389,-9.73,7.78,-8.08,6,116.1,-51.8
17.4098167,-9.73,7.78,-8.08,6,116.1,-51.8
17.4258386,-9.73,7.78,-8.08,6,116.1,-51.8
17.4429087,-9.73,7.78,-8.08,6,116.1,-51.8
17.4599129,-9.73,7.78,-8.08,6,116.1,-51.8
17.4755704,-9.73,7.78,-8.08,6,116.1,-51.8
17.5069209,-9.73,7.78,-8.08,6,116.1,-51.8
17.5270704,-9.73,7.78,-8.08,6,116.1,-51.8
17.5417831,-9.73,7.78,-8.08,6,116.1,-51.8
17.5574668,-9.73,7.78,-8.08,6,116.1,-51.8
17.5820256,-9.73,7.78,-8.08,6,116.1,-51.8
17.5981494,-9.73,7.78,-8.08,6,116.1,-51.8
17.6273986,-9.73,7.78,-8.08,6,116.1,-51.8
17.6549838,-9.76,7.77,-8.08,6,116.1,-51.8
17.6706062,-9.76,7.77,-8.08,6,116.1,-51.8
17.6870131,-9.76,7.77,-8.08,6,116.1,-51.8
17.7027113,-9.76,7.77,-8.08,6,116.1,-51.8
17.7191624,-9.76,7.77,-8.08,6,116.1,-51.8
17.7479038,-9.76,7.77,-8.08,6,116.1,-51.8
17.7752129,-9.76,7.77,-8.08,6,116.1,-51.8
17.7915429,-9.76,7.77,-8.08,6,116.1,-51.8
17.8149027,-9.76,7.77,-8.08,6,116.1,-51.8
17.8320914,-9.76,7.77,-8.08,6,116.1,-51.8
17.8475701,-9.76,7.77,-8.08,6,116.1,-51.8
17.869673,-9.76,7.77,-8.08,6,116.1,-51.8
17.8879867,-9.77,7.7,-8.08,6,116.1,-51.8
17.9126945,-9.77,7.7,-8.08,6,116.1,-51.8
17.9286595,-9.77,7.7,-8.08,6,116.1,-51.8
17.9442658,-9.77,7.7,-8.08,6,116.1,-51.8
17.9606497,-9.77,7.7,-8.08,6,116.1,-51.8
17.9864439,-9.77,7.7,-8.08,6,116.1,-51.8
18.0092826,-9.77,7.7,-8.08,6,116.1,-51.8
18.0249136,-9.77,7.7,-8.08,6,116.1,-51.8
18.0461924,-9.77,7.7,-8.08,6,116.1,-51.8
18.0579087,-9.77,7.7,-8.08,6,116.1,-51.8
18.0737507,-9.77,7.7,-8.08,6,116.1,-51.8
18.0908864,-9.77,7.7,-8.08,6,116.1,-51.8
18.1173822,-9.77,7.7,-8.08,6,116.1,-51.8
18.1329684,-9.77,7.7,-8.08,6,116.1,-51.8
18.1483609,-9.77,7.7,-8.08,6,116.1,-51.8
18.1612881,-9.77,7.7,-8.08,6,116.1,-51.8
18.1728756,-9.78,7.64,-8.08,6,116.1,-51.8
18.1887684,-9.78,7.64,-8.08,6,116.1,-51.8
18.205026,-9.78,7.64,-8.08,6,116.1,-51.8
18.2391193,-9.78,7.64,-8.08,6,116.1,-51.8
18.2540281,-9.78,7.64,-8.08,6,116.1,-51.8
18.2791499,-9.78,7.64,-8.08,6,116.1,-51.8
18.295331,-9.78,7.64,-8.08,6,116.1,-51.8
18.3118494,-9.78,7.64,-8.08,6,116.1,-51.8
18.3277192,-9.78,7.64,-8.08,6,116.1,-51.8
18.3432416,-9.78,7.64,-8.08,6,116.1,-51.8
18.37587,-9.78,7.64,-8.08,6,116.1,-51.8
18.4004748,-9.78,7.64,-8.08,6,116.1,-51.8
18.4164702,-9.78,7.64,-8.08,6,116.1,-51.8
18.4331889,-9.78,9.23,-7.03,7.1,116.1,-51.8
18.4490328,-5.85,9.23,-7.03,7.1,-36.1,-38.6
18.4820584,-5.85,9.23,-7.03,7.1,-56.1,-47.4
18.5052877,-5.85,9.23,-7.03,7.1,-76.1,-51.8
18.5213068,-5.85,9.23,-7.03,7.1,-96.1,-51.8
18.5377001,-5.85,9.23,-7.03,7.1,-116.1,-51.8
18.5534772,-5.85,9.23,-7.03,7.1,-116.1,-51.8
18.5700621,-5.85,9.23,-7.03,7.1,-116.1,-51.8
18.5859527,-5.85,9.23,-7.03,7.1,-116.1,-51.8
18.6229152,-5.85,9.23,-7.03,7.1,-116.1,-51.8
18.6530701,-5.85,9.23,-7.03,7.1,-116.1,-51.8
18.6687311,-5.85,9.23,-7.03,7.1,-116.1,-51.8
18.6852161,-5.85,9.23,-7.03,7.1,-116.1,-51.8
18.7010426,-5.85,9.23,-7.03,7.1,-116.1,-51.8
18.7263294,-5.85,9.23,-7.8,6.82,-116.1,-51.8
18.7558755,-7.54,9.75,-7.8,6.82,-100,-66.7
18.7761802,-7.54,9.75,-7.8,6.82,-100,-66.7
18.7924087,-7.54,9.75,-7.8,6.82,-100,-66.7
18.8167988,-7.54,9.75,-7.8,6.82,-100,-66.7
18.8336086,-7.54,9.75,-7.8,6.82,-100,-66.7
18.8496881,-7.54,9.75,-7.8,6.82,-100,-66.7
18.8699277,-7.54,9.75,-7.8,6.82,-100,-66.7
18.889826,-7.54,9.75,-7.8,6.82,-100,-66.7
18.906541,-7.54,9.75,-7.8,6.82,-100,-66.7
18.9224473,-7.54,9.75,-7.8,6.82,-100,-66.7
18.9384761,-7.54,9.75,-7.8,6.82,-100,-66.7
18.9545974,-7.54,9.75,-7.8,6.82,-100,-66.7
18.9700064,-7.54,9.75,-7.8,6.82,-100,-66.7
18.9984744,-8.15,8.63,-7.95,6.61,-100,-51.8
19.0183639,-8.15,8.63,-7.95,6.61,-100,-51.8
19.0344955,-8.15,8.63,-7.95,6.61,-100,-51.8
19.0500537,-8.15,8.63,-7.95,6.61,-100,-51.8
19.0624719,-8.15,8.63,-7.95,6.61,-100,-51.8
19.0747832,-8.15,8.63,-7.95,6.61,-100,-51.8
19.0916128,-8.15,8.63,-7.95,6.61,-100,-51.8
19.1217395,-8.15,8.63,-7.95,6.61,-100,-51.8
19.1404555,-8.15,8.63,-7.95,6.61,-100,-51.8
19.1556865,-8.15,8.63,-7.95,6.61,-100,-51.8
19.1811763,-8.15,8.63,-7.95,6.61,-100,-51.8
19.1966412,-8.15,8.63,-7.95,6.61,-100,-51.8
19.2127944,-8.15,8.63,-7.95,6.61,-100,-51.8
19.2506393,-8.15,8.63,-7.95,6.61,-100,-51.8
19.2696184,-8.15,8.63,-7.95,6.61,-100,-51.8
19.286353,-8.15,8.63,-7.95,6.61,-63.9,-51.8
19.3023443,-8.15,8.63,-7.95,6.61,-43.9,-51.8
19.3188118,-8.15,8.63,-7.95,6.61,-23.9,-51.8
19.3352269,-8.15,8.63,-7.95,6.61,-3.9,-51.8
19.3482609,-8.15,8.63,-7.95,6.61,16.1,-51.8
19.3740967,-8.15,8.63,-7.95,6.61,36.1,-51.8
19.3925197,-8.15,8.63,-7.95,6.61,56.1,-51.8
19.4084639,-8.15,8.63,-7.95,6.61,76.1,-51.8
19.4243818,-8.15,8.63,-7.95,6.61,96.1,-51.8
19.4414767,-8.15,8.63,-7.95,6.61,116.1,-51.8
19.4575495,-8.15,8.63,-7.95,6.61,116.1,-51.8
19.4936882,-8.15,8.63,-7.95,6.61,116.1,-51.8
19.5153519,-8.15,8.63,-7.95,6.61,116.1,-51.8
19.5313893,-8.15,8.63,-7.95,6.61,116.1,-51.8
19.5476154,-9.28,8.09,-8.06,6.17,36.1,-51.8
19.5616611,-9.28,8.09,-8.06,6.17,56.1,-51.8
19.5879777,-9.28,8.09,-8.06,6.17,76.1,-51.8
19.6131026,-9.28,8.09,-8.06,6.17,96.1,-51.8
19.6365167,-9.28,8.09,-8.06,6.17,116.1,-51.8
19.6520482,-9.28,8.09,-8.06,6.17,116.1,-51.8
19.6764323,-9.28,8.09,-8.06,6.17,116.1,-51.8
19.6932603,-9.28,8.09,-8.06,6.17,116.1,-51.8
19.7083724,-9.28,8.09,-8.06,6.17,116.1,-51.8
19.7418846,-9.28,8.09,-8.06,6.17,116.1,-51.8
19.7584768,-9.28,8.09,-8.06,6.17,116.1,-51.8
19.7718885,-9.28,8.09,-8.06,6.17,116.1,-51.8
19.7887308,-9.28,8.09,-8.06,6.17,116.1,-51.8
19.8045801,-9.28,8.09,-8.08,5.88,116.1,-51.8
19.8204092,-10.24,7.67,-8.08,5.88,132.2,-38.6
19.8375403,-10.24,7.67,-8.08,5.88,132.2,-47.4
19.8653261,-10.24,7.67,-8.08,5.88,132.2,-51.8
19.885695,-10.24,7.67,-8.08,5.88,132.2,-51.8
19.9010957,-10.24,7.67,-8.08,5.88,132.2,-51.8
19.9167938,-10.24,7.67,-8.08,5.88,132.2,-51.8
19.9345581,-10.24,7.67,-8.08,5.88,132.2,-51.8
19.9576764,-10.24,7.67,-8.08,5.88,132.2,-51.8
19.9847979,-10.24,7.67,-8.08,5.88,132.2,-51.8
20.0052817,-10.24,7.67,-8.08,5.88,132.2,-51.8
20.0212306,-10.24,7.67,-8.08,5.88,132.2,-51.8
20.03765,-10.24,7.67,-8.08,5.88,132.2,-51.8
20.0533977,-10.24,7.67,-8.08,5.88,132.2,-51.8
20.0699273,-10.24,7.67,-8.08,5.88,132.2,-51.8
20.0862427,-10.24,7.67,-8.08,5.88,132.2,-51.8
20.1306032,-10.24,7.67,-8.08,5.88,132.2,-51.8
20.1480814,-10.24,7.67,-8.08,5.88,132.2,-51.8
20.1626719,-10.24,7.67,-8.08,5.88,132.2,-51.8
20.1785819,-10.24,7.67,-8.08,5.88,132.2,-51.8
20.194831,-10.24,7.67,-8.08,5.88,132.2,-51.8
20.2107168,-10.24,7.67,-8.08,5.88,132.2,-51.8
20.2271954,-10.24,7.67,-8.08,5.88,132.2,-51.8
20.256881,-10.24,7.67,-8.08,5.88,132.2,-51.8
20.2757398,-10.24,7.67,-8.08,5.88,132.2,-51.8
20.2916773,-10.24,7.67,-8.08,5.88,132.2,-51.8
20.3035139,-10.24,7.67,-8.08,5.88,132.2,-51.8
20.3191771,-10.24,7.67,-8.08,5.88,132.2,-51.8
20.3362541,-10.24,7.67,-8.08,5.88,132.2,-51.8
20.3524866,-10.24,7.67,-8.08,5.88,132.2,-51.8
20.3787973,-10.24,7.67,-8.08,5.88,132.2,-51.8
20.3936789,-10.24,7.67,-8.08,5.88,132.2,-51.8
20.4098799,-10.24,7.67,-8.08,5.88,132.2,-51.8
20.4258646,-10.24,7.67,-8.08,5.88,132.2,-51.8
20.4418515,-10.24,7.67,-8.08,5.88,132.2,-51.8
20.4580547,-10.24,7.67,-8.08,5.88,132.2,-51.8
20.4744628,-10.24,7.67,-8.08,5.88,132.2,-51.8
20.5007475,-10.24,7.67,-8.08,5.88,132.2,-51.8
20.5152147,-10.24,7.67,-8.08,5.88,132.2,-51.8
20.5317107,-10.24,7.67,-8.08,5.88,132.2,-51.8
20.5485073,-10.24,7.67,-8.08,5.88,132.2,-51.8
20.5647401,-10.24,7.67,-8.08,5.88,132.2,-51.8
20.5810883,-10.24,7.67,-8.08,5.88,132.2,-51.8
20.5974036,-10.24,7.67,-8.08,5.88,132.2,-51.8
20.6259577,-10.24,7.67,-8.08,5.88,132.2,-51.8
20.6452217,-10.24,7.67,-8.08,5.88,132.2,-51.8
20.661236,-10.24,7.67,-8.08,5.88,132.2,-51.8
20.6853149,-10.24,7.67,-8.08,5.88,132.2,-51.8
20.7012985,-10.24,7.67,-8.08,5.88,132.2,-51.8
20.7171404,-10.24,7.67,-8.08,7.03,132.2,-51.8
20.7451958,-6.61,7.18,-7.38,7.03,0,-19.3
20.7652401,-6.61,7.18,-7.38,7.03,0,-23.7
20.7815866,-6.61,7.18,-7.38,7.03,0,-28.1
20.7976774,-6.61,7.18,-7.38,7.03,0,-32.5
20.8217752,-6.61,7.18,-7.38,7.03,0,-36.9
20.8381588,-6.61,7.18,-7.38,7.03,0,-36.9
20.864425,-6.61,7.18,-7.38,7.03,0,-36.9
20.8864336,-6.61,7.18,-7.38,7.03,0,-36.9
20.9031452,-6.61,7.18,-7.38,7.03,0,-36.9
20.9185854,-6.61,7.18,-7.38,7.03,0,-36.9
20.9348728,-6.61,7.18,-7.38,7.03,0,-36.9
20.9511811,-6.61,7.18,-7.38,7.03,0,-36.9
20.965796,-6.61,7.18,-7.38,7.03,0,-36.9
20.9871149,-6.61,7.18,-7.38,7.03,0,-36.9
21.0084034,-6.61,7.18,-7.38,7.03,0,-36.9
21.0243712,-1.08,8.83,-1.76,7.13,0,-19.3
21.0398944,-1.08,8.83,-1.76,7.13,0,-23.7
21.0567849,-1.08,8.83,-1.76,7.13,0,-28.1
21.0720507,-1.08,8.83,-1.76,7.13,0,-32.5
21.0880122,-1.08,8.83,-1.76,7.13,0,-36.9
21.1211242,-1.08,8.83,-1.76,7.13,0,-36.9
21.139107,-1.08,8.83,-1.76,7.13,0,-36.9
21.1528349,-1.08,8.83,-1.76,7.13,0,-36.9
21.1697042,-1.08,8.83,-1.76,7.13,0,-36.9
21.1848275,-1.08,8.83,-1.76,7.13,0,-36.9
21.2015056,-1.08,8.83,-1.76,7.13,0,-36.9
21.2178358,-1.08,8.83,-1.76,7.13,0,-36.9
21.2466849,-1.08,8.83,-1.76,7.13,0,-36.9
21.2664046,1.68,9.36,2.49,7.38,36.1,-51.8
21.282341,1.68,9.36,2.49,7.38,56.1,-51.8
21.2984087,1.68,9.36,2.49,7.38,76.1,-51.8
21.3150472,1.68,9.36,2.49,7.38,96.1,-51.8
21.3306016,1.68,9.36,2.49,7.38,116.1,-51.8
21.3480822,1.68,9.36,2.49,7.38,116.1,-51.8
21.3792476,1.68,9.36,2.49,7.38,116.1,-51.8
21.4057564,1.68,9.36,2.49,7.38,116.1,-51.8
21.4219668,1.68,9.36,2.49,7.38,116.1,-51.8
21.4376652,1.68,9.36,2.49,7.38,116.1,-51.8
21.4554544,1.68,9.36,2.49,7.62,116.1,-51.8
21.4701956,3.25,9.51,2.57,7.62,0,-51.8
21.4957118,3.25,9.51,2.57,7.62,0,-51.8
21.518511,3.25,9.51,2.57,7.62,0,-51.8
21.5340544,3.25,9.51,2.57,7.62,0,-51.8
21.5503896,3.25,9.51,2.57,7.62,0,-51.8
21.5668805,3.25,9.51,2.57,7.62,0,-51.8
21.591707,3.25,9.51,2.57,7.62,0,-51.8
21.6189513,3.25,9.51,2.57,7.62,0,-51.8
21.6417785,3.25,9.51,2.57,7.62,0,-51.8
21.6564504,3.25,9.51,2.57,7.62,0,-51.8
21.6729796,3.25,9.51,2.57,7.62,0,-51.8
21.689621,3.25,9.51,2.57,7.62,0,-51.8
21.7138491,3.25,8.98,2.57,7.62,0,-51.8
21.7364084,4.97,8.98,2.57,7.62,-72.2,-51.8
21.761454,4.97,8.98,2.57,7.62,-112.2,-51.8
21.7855282,4.97,8.98,2.57,7.62,-132.2,-51.8
21.8072563,4.97,8.98,2.57,7.62,-132.2,-51.8
21.8346998,4.97,8.98,2.57,7.62,-132.2,-51.8
21.8599342,4.97,8.98,2.57,7.62,-132.2,-51.8
21.8755898,4.97,8.98,2.57,7.62,-132.2,-51.8
21.8904928,4.97,8.98,2.57,7.62,-132.2,-51.8
21.9064304,4.97,8.98,2.57,7.62,-132.2,-51.8
21.9245544,4.97,8.98,2.57,7.62,-132.2,-51.8
21.9389814,4.97,8.98,2.57,7.62,-132.2,-51.8
21.9633594,4.97,8.98,2.52,7.44,-132.2,-51.8
22.0018364,2.18,9.58,2.52,7.44,-100,-51.8
22.0298969,2.18,9.58,2.52,7.44,-100,-51.8
22.054294,2.18,9.58,2.52,7.44,-100,-51.8
22.0711311,2.18,9.58,2.52,7.44,-100,-51.8
22.0872757,2.18,9.58,2.52,7.44,-100,-51.8
22.1032008,2.18,9.58,2.52,7.44,-100,-51.8
22.134753,2.18,9.58,2.52,7.44,-100,-51.8
22.1526493,2.18,9.58,2.52,7.44,-100,-51.8
22.1770051,2.18,9.58,2.52,7.44,-100,-51.8
22.1925202,2.18,9.58,2.52,7.44,-100,-51.8
22.2085637,2.18,9.58,2.52,7.44,-100,-51.8
22.2248836,2.18,9.58,2.52,7.44,-100,-51.8
22.240979,2.18,9.58,2.52,7.44,-100,-51.8
22.2739662,2.18,9.58,2.52,7.44,-100,-51.8
22.2898322,2.18,9.58,2.52,7.44,-100,-51.8
22.3142631,2.18,9.58,2.52,7.44,-100,-51.8
22.3302876,2.18,7.07,1.63,7.18,-100,-51.8
22.3470083,2.27,7.07,1.63,7.18,-36.1,-22
22.3711436,2.27,7.07,1.63,7.18,-56.1,-22
22.3953518,2.27,7.07,1.63,7.18,-76.1,-22
22.410548,2.27,7.07,1.63,7.18,-96.1,-22
22.4265671,2.27,7.07,1.63,7.18,-116.1,-22
22.4435506,2.27,7.07,1.63,7.18,-116.1,-22
22.4606663,2.27,7.07,1.63,7.18,-116.1,-22
22.4756546,2.27,7.07,1.63,7.18,-116.1,-22
22.5085249,2.27,7.07,1.63,7.18,-116.1,-22
22.5326669,2.27,7.07,1.63,7.18,-116.1,-22
22.5567774,2.27,7.07,1.63,7.18,-116.1,-22
22.5730765,2.27,7.07,1.63,7.18,-116.1,-22
22.6149744,2.27,7.07,1.63,7.18,-116.1,-22
22.6449762,2.27,7.07,1.63,7.18,-116.1,-22
22.6613374,1.8,6.96,1.09,7.16,-116.1,-22
22.6854707,1.8,6.96,1.09,7.16,-100,-22
22.7012543,1.8,6.96,1.09,7.16,-100,-22
22.7176908,1.8,6.96,1.09,7.16,-100,-22
22.7472925,1.8,6.96,1.09,7.16,-100,-22
22.7657137,1.8,6.96,1.09,7.16,-100,-22
22.7826732,1.8,6.96,1.09,7.16,-100,-22
22.8068327,1.8,6.96,1.09,7.16,-100,-22
22.8226309,1.8,6.96,1.09,7.16,-100,-22
22.8386628,1.8,6.96,1.09,7.16,-100,-22
22.875075,1.8,6.96,1.09,7.16,-100,-22
22.8984144,1.8,6.96,1.09,7.16,-100,-22
22.9147191,1.8,6.96,1.09,7.16,-100,-22
22.9313546,1.8,6.96,1.09,7.16,-100,-22
22.9478903,2.11,7.05,1.42,7.17,-116.1,-22
22.9639928,2.11,7.05,1.42,7.17,-116.1,-22
22.9803955,2.11,7.05,1.42,7.17,-116.1,-22
23.0141182,2.11,7.05,1.42,7.17,-116.1,-22
23.0279747,2.11,7.05,1.42,7.17,-116.1,-22
23.045047,2.11,7.05,1.42,7.17,-116.1,-22
23.0611446,2.11,7.05,1.42,7.17,-116.1,-22
23.0763021,2.11,7.05,1.42,7.17,-116.1,-22
23.092309,2.11,7.05,1.42,7.17,-116.1,-22
23.1078513,2.11,7.05,1.42,7.17,-116.1,-22
23.1461112,2.11,7.05,1.42,7.17,-116.1,-22
23.173089,2.11,7.05,1.42,7.17,-116.1,-22
23.1900329,2.11,7.05,1.42,7.17,-116.1,-22
23.2049824,2.09,6.99,1.39,7.17,-116.1,-22
23.221033,2.09,6.99,1.39,7.17,-116.1,-22
23.2372055,2.09,6.99,1.39,7.17,-116.1,-22
23.2661972,2.09,6.99,1.39,7.17,-116.1,-22
23.2865433,2.09,6.99,1.39,7.17,-116.1,-22
23.3036248,2.09,6.99,1.39,7.17,-116.1,-22
23.3193134,2.09,6.99,1.39,7.17,-116.1,-22
23.3355519,2.09,6.99,1.39,7.17,-116.1,-22
23.3539465,2.09,6.99,1.39,7.17,-116.1,-22
23.3680181,2.09,6.99,1.39,7.17,-116.1,-22
23.4010115,2.09,6.99,1.39,7.17,-116.1,-22
23.4248637,2.09,6.99,1.39,7.17,-116.1,-22
23.4413552,2.09,6.99,1.39,7.17,-116.1,-22
23.4576861,2.09,6.99,1.39,7.17,-116.1,-22
23.4742254,2.09,7.03,1.63,7.18,-116.1,-22
23.4909336,2.31,7.03,1.63,7.18,-116.1,-22
23.5273732,2.31,7.03,1.63,7.18,-116.1,-22
23.555829,2.31,7.03,1.63,7.18,-116.1,-22
23.5718121,2.31,7.03,1.63,7.18,-116.1,-22
23.5885774,2.31,7.03,1.63,7.18,-116.1,-22
23.6051905,2.31,7.03,1.63,7.18,-116.1,-22
23.6213208,2.31,7.03,1.63,7.18,-116.1,-22
23.6605651,2.31,7.03,1.63,7.18,-116.1,-22
23.6931389,2.31,7.03,1.63,7.18,-116.1,-22
23.7187025,2.31,7.03,1.63,7.18,-116.1,-22
23.7355687,2.31,7.03,1.63,7.18,-116.1,-22
23.750687,2.31,7.03,1.63,7.18,-116.1,-22
23.7665274,2.31,7.03,1.63,7.18,-116.1,-22
23.7935406,2.35,7.03,1.63,7.18,-116.1,-22
23.8151081,2.35,7.03,1.63,7.18,-116.1,-22
23.83102,2.35,7.03,1.63,7.18,-116.1,-22
23.8476429,2.35,7.03,1.63,7.18,-116.1,-22
23.8635972,2.35,7.03,1.63,7.18,-116.1,-22
23.8799212,2.35,7.03,1.63,7.18,-116.1,-22
23.8960057,2.35,7.03,1.63,7.18,-116.1,-22
23.9246578,2.35,7.03,1.63,7.18,-116.1,-22
23.9533358,2.35,7.03,1.63,7.18,-116.1,-22
23.9694809,2.35,7.03,1.63,7.18,-116.1,-22
23.9857038,2.35,7.03,1.63,7.18,-116.1,-22
24.0021023,2.35,7.03,1.63,7.18,-116.1,-22
24.0175829,2.35,7.03,1.63,7.18,-116.1,-22
24.0420222,2.35,7.01,1.45,7.17,-116.1,-22
24.066664,2.13,7.01,1.45,7.17,-116.1,-22
24.0832942,2.13,7.01,1.45,7.17,-116.1,-22
24.0990793,2.13,7.01,1.45,7.17,-116.1,-22
24.1136913,2.13,7.01,1.45,7.17,-116.1,-22
24.1403117,2.13,7.01,1.45,7.17,-116.1,-22
24.1673332,2.13,7.01,1.45,7.17,-116.1,-22
24.1892198,2.13,7.01,1.45,7.17,-116.1,-22
24.2054342,2.13,7.01,1.45,7.17,-116.1,-22
24.2292033,2.13,7.01,1.45,7.17,-116.1,-22
24.2442794,2.13,7.01,1.45,7.17,-116.1,-22
24.2617097,2.13,7.01,1.45,7.17,-116.1,-22
24.2943536,2.13,7.01,1.45,7.17,-116.1,-22
24.3160207,2.13,7.01,1.45,7.17,-116.1,-22
24.3409948,2.13,7.01,1.03,7.16,-116.1,-22
24.3583088,1.75,7.03,1.03,7.16,-100,-22
24.3739006,1.75,7.03,1.03,7.16,-100,-22
24.3894752,1.75,7.03,1.03,7.16,-100,-22
24.4184552,1.75,7.03,1.03,7.16,-100,-22
24.4496858,1.75,7.03,1.03,7.16,-100,-22
24.4647277,1.75,7.03,1.03,7.16,-100,-22
24.4814881,1.75,7.03,1.03,7.16,-100,-22
24.4979899,1.75,7.03,1.03,7.16,-100,-22
24.5145211,1.75,7.03,1.03,7.16,-100,-22
24.5418486,1.75,7.03,1.03,7.16,-100,-22
24.5625806,1.75,7.03,1.03,7.16,-100,-22
24.6841015,1.75,7.03,1.03,7.16,-100,-22
24.7040595,1.33,6.88,0.59,7.17,-36.1,-2.7
24.7171592,1.33,6.88,0.59,7.17,-56.1,1.7
24.7295837,1.33,6.88,0.59,7.17,-76.1,6.1
24.7507137,1.33,6.88,0.59,7.17,-96.1,10.5
24.7671866,1.33,6.88,0.59,7.17,-116.1,14.9
24.803582,1.33,6.88,0.59,7.17,-116.1,19.3
24.8234144,1.33,6.88,0.59,7.17,-116.1,23.7
24.8416159,1.33,6.88,0.59,7.17,-116.1,28.1
24.8572979,1.33,6.88,0.59,7.17,-116.1,32.5
24.8734736,1.33,6.88,0.59,7.17,-116.1,36.9
24.8898439,1.33,6.88,0.59,7.17,-116.1,36.9
24.9059935,1.33,6.88,0.59,7.17,-116.1,36.9
24.9388007,0.9,7.36,0.17,7.16,-116.1,22
24.9559446,0.9,7.36,0.17,7.16,-116.1,22
24.9734171,0.9,7.36,0.17,7.16,-116.1,22
24.9878882,0.9,7.36,0.17,7.16,-116.1,22
25.012523,0.9,7.36,0.17,7.16,-116.1,22
25.0285979,0.9,7.36,0.17,7.16,-116.1,22
25.0400787,0.9,7.36,0.17,7.16,-116.1,22
25.0635769,0.9,7.36,0.17,7.16,-116.1,22
25.087216,0.9,7.36,0.17,7.16,-116.1,22
25.1026928,0.9,7.36,0.17,7.16,-116.1,22
25.1213188,0.9,7.36,0.17,7.16,-116.1,22
25.1358973,0.9,7.36,0.17,7.16,-116.1,22
25.1602277,0.9,7.36,0.17,7.16,-116.1,22
25.1976256,0.05,7.05,-0.64,7.16,-100,22
25.2172991,0.05,7.05,-0.64,7.16,-100,22
25.2342049,0.05,7.05,-0.64,7.16,-100,22
25.2588466,0.05,7.05,-0.64,7.16,-100,22
25.2744774,0.05,7.05,-0.64,7.16,-100,22
25.2904675,0.05,7.05,-0.64,7.16,-100,22
25.3271534,0.05,7.05,-0.64,7.16,-100,22
25.3475751,0.05,7.05,-0.64,7.16,-100,22
25.3657186,0.05,7.05,-0.64,7.16,-100,22
25.3790856,0.05,7.05,-0.64,7.16,-100,22
25.3964929,0.05,7.05,-0.64,7.16,-100,22
25.4122339,0.05,7.05,-0.64,7.16,-100,22
25.4276094,0.05,7.05,-0.64,7.16,-100,22
25.4581576,0.05,7.05,-0.64,7.16,-100,22
25.4777569,0.05,7.05,-0.64,7.16,-100,22
25.4924582,0.05,7.05,-0.64,7.16,-100,22
25.509368,0.05,7.05,-0.64,7.16,-100,22
25.5257983,0.05,7.05,-0.64,7.16,-100,22
25.5411541,0.05,7.05,-0.64,7.16,-100,22
25.5579783,0.05,7.05,-0.64,7.16,-100,22
25.5901115,0.05,7.05,-0.64,7.16,-100,22
25.6066579,0.05,7.05,-0.64,7.16,-100,22
25.6223189,0.05,7.05,-0.64,7.16,-100,22
25.6383187,0.05,7.05,-2.64,7.13,-100,22
25.6545011,-1.87,7.04,-2.64,7.13,-36.1,22
25.6713114,-1.87,7.04,-2.64,7.13,-56.1,22
25.6871288,-1.87,7.04,-2.64,7.13,-76.1,22
25.7177614,-1.87,7.04,-2.64,7.13,-96.1,22
25.7377374,-1.87,7.04,-2.64,7.13,-116.1,22
25.751927,-1.87,7.04,-2.64,7.13,-116.1,22
25.7707293,-1.87,7.04,-2.64,7.13,-116.1,22
25.7859697,-1.87,7.04,-2.64,7.13,-116.1,22
25.8027062,-1.87,7.04,-2.64,7.13,-116.1,22
25.8179945,-1.87,7.04,-2.64,7.13,-116.1,22
25.8499607,-1.87,7.04,-2.64,7.13,-116.1,22
25.8716554,-1.87,7.04,-2.64,7.13,-116.1,22
25.8853175,-1.87,7.04,-2.64,7.13,-116.1,22
25.9265051,-1.87,7.04,-2.64,7.13,-116.1,22
25.9418914,-1.87,7.04,-2.64,7.13,-116.1,22
25.9645217,-1.87,7.04,-2.64,7.13,-116.1,22
25.9820515,-1.87,7.04,-2.64,7.13,-116.1,22
25.9985132,-1.87,7.04,-2.64,7.13,-116.1,22
26.0141084,-1.87,7.04,-2.64,7.13,-116.1,22
26.0315001,-1.87,7.04,-2.64,7.13,-116.1,22
26.0550783,-1.87,7.04,-2.64,7.13,-116.1,22
26.0876474,-1.87,7.04,-2.64,7.13,-116.1,22
26.1100744,-1.87,7.04,-2.64,7.13,-116.1,22
26.1262795,-1.87,7.04,-2.64,7.13,-116.1,22
26.1442101,-1.87,7.04,-2.64,7.13,-116.1,22
26.1594163,-1.87,7.04,-2.64,7.13,-116.1,22
26.1749697,-3.78,6.54,-3.73,5.84,0,0
26.1915353,-3.78,6.54,-3.73,5.84,0,0
26.2196297,-3.78,6.54,-3.73,5.84,0,0
26.2407327,-3.78,6.54,-3.73,5.84,0,0
26.2651554,-3.78,6.54,-3.73,5.84,0,0
26.2813702,-3.78,6.54,-3.73,5.84,0,0
26.298339,-3.78,6.54,-3.73,5.84,0,0
26.3147542,-3.78,6.54,-3.73,5.84,0,0
26.3512508,-3.78,6.54,-3.73,5.84,0,0
26.3727404,-3.78,6.54,-3.73,5.84,0,0
26.3887857,-3.78,6.54,-3.73,5.84,0,0
26.4050651,-3.78,6.54,-3.73,5.84,0,0
26.4218731,-3.78,6.54,-3.73,5.84,0,0
26.4467582,-3.71,5.67,-4.52,5.62,0,0
26.4705488,-3.71,5.67,-4.52,5.62,-36.1,0
26.487262,-3.71,5.67,-4.52,5.62,-56.1,0
26.503824,-3.71,5.67,-4.52,5.62,-76.1,0
26.5202597,-3.71,5.67,-4.52,5.62,-96.1,0
26.5364359,-3.71,5.67,-4.52,5.62,-116.1,0
26.5523902,-3.71,5.67,-4.52,5.62,-116.1,0
26.5724178,-3.71,5.67,-4.52,5.62,-116.1,0
26.5985613,-3.71,5.67,-4.52,5.62,-116.1,0
26.617462,-3.71,5.67,-4.52,5.62,-116.1,0
26.6332931,-3.71,5.67,-4.52,5.62,-116.1,0
26.6496725,-3.71,5.67,-4.52,5.62,-116.1,0
26.6653301,-3.71,5.67,-4.52,5.62,-116.1,0
26.6822992,-3.71,5.67,-4.52,5.62,-116.1,0
26.698172,-3.71,5.67,-4.52,5.62,-116.1,0
26.7354435,-3.71,5.67,-4.52,5.62,-116.1,0
26.7623267,-3.71,5.67,-4.52,5.62,-116.1,0
26.7871283,-3.71,5.67,-4.52,5.62,-116.1,0
26.8100419,-3.71,5.67,-4.52,5.62,-116.1,0
26.8262013,-3.71,5.67,-4.52,5.62,-116.1,0
26.8604605,-3.71,5.67,-4.52,5.62,-116.1,0
26.8831994,-3.71,5.67,-4.52,5.62,-116.1,0
26.9075577,-3.71,5.67,-4.52,5.62,-116.1,0
26.9237559,-3.71,5.67,-4.52,5.62,-116.1,0
26.948439,-3.71,5.67,-4.52,5.62,-116.1,0
26.964445,-3.71,5.67,-4.52,5.62,-116.1,0
27.0044648,-3.71,5.67,-4.52,5.62,-116.1,0
27.0224906,-3.71,5.67,-4.52,5.62,-116.1,0
27.0439303,-3.71,5.67,-4.52,5.62,-116.1,0
27.0708215,-3.71,5.67,-4.52,5.62,-116.1,0
27.0876483,-3.71,5.67,-4.52,5.62,-116.1,0
27.1033086,-3.71,5.67,-4.52,5.62,-116.1,0
27.1332005,-3.71,5.67,-4.52,5.62,-116.1,0
27.1627852,-3.71,5.67,-4.52,5.62,-116.1,0
27.1868615,-3.71,5.67,-4.52,5.62,-116.1,0
27.2021275,-3.71,5.67,-4.52,5.62,-116.1,0
27.2192158,-3.71,5.67,-4.52,5.62,-116.1,0
27.2368041,-3.71,5.67,-4.52,5.62,-116.1,0
27.2640766,-3.71,5.67,-4.52,5.62,-116.1,0
27.2844458,-3.71,5.67,-4.52,5.62,-116.1,0
27.3015275,-3.71,5.67,-4.52,5.62,-116.1,0
27.3177334,-3.71,5.67,-4.52,5.62,-116.1,0
27.3338326,-3.71,5.67,-4.52,5.62,-116.1,0
27.3498832,-3.71,5.67,-4.52,5.62,-116.1,0
27.3676321,-3.71,5.67,-4.52,5.62,-116.1,0
27.4086219,-3.71,5.67,-4.52,5.62,-116.1,0
27.4237328,-3.71,5.67,-4.52,5.62,-116.1,0
27.4405909,-3.71,5.67,-4.52,5.62,-116.1,0
27.4645566,-3.71,5.67,-4.52,5.62,-116.1,0
27.4891305,-3.71,5.67,-4.52,5.62,-116.1,0
27.5051819,-3.71,5.67,-4.52,5.62,-116.1,0
27.5329421,-3.71,5.67,-4.52,5.62,-116.1,0
27.5477041,-3.71,5.67,-4.52,5.62,-116.1,0
27.624576,-3.71,5.67,-4.52,5.62,-116.1,0
27.6479653,-4.27,6.15,-4.9,5.63,-100,-19.3
27.6707006,-4.27,6.15,-4.9,5.63,-100,-23.7
27.6870833,-4.27,6.15,-4.9,5.63,-100,-28.1
27.7037073,-4.27,6.15,-4.9,5.63,-100,-32.5
27.719653,-4.27,6.15,-4.9,5.63,-100,-36.9
27.7347332,-4.27,6.15,-4.9,5.63,-100,-36.9
27.7729534,-4.27,6.15,-4.9,5.63,-100,-36.9
27.7922389,-4.27,6.15,-4.9,5.63,-100,-36.9
27.814,-4.27,6.15,-4.9,5.63,-100,-36.9
27.8341825,-4.27,6.15,-4.9,5.63,-100,-36.9
27.8593477,-4.27,6.15,-4.9,5.63,-100,-36.9
27.8747184,-4.27,6.15,-4.9,5.63,-100,-36.9
27.9041472,-4.27,6.15,-4.9,5.63,-100,-36.9
27.9257941,-4.27,6.15,-4.9,5.63,-100,-36.9
27.9405521,-4.27,6.15,-4.9,5.63,-100,-36.9
27.9566702,-4.27,6.15,-4.9,5.63,-100,-36.9
27.9816082,-4.27,6.15,-4.9,5.63,-100,-36.9
28.0076738,-4.27,6.15,-4.9,5.63,-100,-36.9
28.0397023,-4.27,6.15,-4.9,5.63,-100,-36.9
28.0576678,-4.27,6.15,-4.9,5.63,-100,-36.9
28.0726119,-4.27,6.15,-4.9,5.63,-100,-36.9
28.0885729,-4.27,6.15,-4.9,5.63,-100,-36.9
28.1048465,-4.27,6.15,-4.9,5.63,-100,-36.9
28.1204932,-4.27,6.15,-4.9,5.63,-100,-36.9
28.1373536,-4.27,6.15,-4.9,5.63,-100,-36.9
28.1665558,-4.27,6.15,-4.9,5.63,-100,-36.9
28.1866266,-4.27,6.15,-4.9,5.63,-100,-36.9
28.2024369,-4.27,6.71,-6.31,7.07,-100,-36.9
28.2190724,-5.75,6.71,-6.31,7.07,-36.1,0
28.2433548,-5.75,6.71,-6.31,7.07,-56.1,0
28.2591601,-5.75,6.71,-6.31,7.07,-76.1,0
28.2850381,-5.75,6.71,-6.31,7.07,-96.1,0
28.3076013,-5.75,6.71,-6.31,7.07,-116.1,0
28.3240915,-5.75,6.71,-6.31,7.07,-116.1,0
28.3387627,-5.75,6.71,-6.31,7.07,-116.1,0
28.3549595,-5.75,6.71,-6.31,7.07,-116.1,0
28.3715555,-5.75,6.71,-6.31,7.07,-116.1,0
28.3879009,-5.75,6.71,-6.31,7.07,-116.1,0
28.4135258,-5.75,6.71,-6.31,7.07,-116.1,0
28.4363913,-5.75,6.71,-6.31,7.07,-116.1,0
28.4530069,-5.75,6.71,-6.31,7.09,-116.1,0
28.469285,-5.61,7.02,-6.51,7.09,-116.1,19.3
28.4943261,-5.61,7.02,-6.51,7.09,-116.1,23.7
28.5092744,-5.61,7.02,-6.51,7.09,-116.1,28.1
28.546103,-5.61,7.02,-6.51,7.09,-116.1,32.5
28.5740695,-5.61,7.02,-6.51,7.09,-116.1,36.9
28.590201,-5.61,7.02,-6.51,7.09,-116.1,36.9
28.6062974,-5.61,7.02,-6.51,7.09,-116.1,36.9
28.6223196,-5.61,7.02,-6.51,7.09,-116.1,36.9
28.6471529,-5.61,7.02,-6.51,7.09,-116.1,36.9
28.6741408,-5.61,7.02,-6.51,7.09,-116.1,36.9
28.7036272,-5.61,7.02,-6.51,7.09,-116.1,36.9
28.719354,-5.61,7.02,-6.51,7.09,-116.1,36.9
28.7351009,-5.61,7.02,-6.51,7.09,-116.1,36.9
28.7513174,-5.61,7.02,-6.51,7.09,-116.1,36.9
28.7669241,-5.35,7.24,-6.51,7.09,-116.1,22
28.791445,-5.35,7.24,-6.51,7.09,-116.1,22
28.8161093,-5.35,7.24,-6.51,7.09,-116.1,22
28.8324779,-5.35,7.24,-6.51,7.09,-116.1,22
28.8488727,-5.35,7.24,-6.51,7.09,-116.1,22
28.8644511,-5.35,7.24,-6.51,7.09,-116.1,22
28.8771806,-5.35,7.24,-6.51,7.09,-116.1,22
28.890048,-5.35,7.24,-6.51,7.09,-116.1,22
28.9174028,-5.35,7.24,-6.51,7.09,-116.1,22
28.9383866,-5.35,7.24,-6.51,7.09,-116.1,22
28.9618156,-5.35,7.24,-6.51,7.09,-116.1,22
28.9789985,-5.35,7.24,-6.51,7.09,-116.1,22
28.9944926,-5.35,7.24,-6.51,7.09,-116.1,22
29.0192388,-5.35,7.24,-6.51,7.11,-116.1,22
29.0440731,-5.59,7.81,-6.8,7.11,-116.1,22
29.0775648,-5.59,7.81,-6.8,7.11,-116.1,22
29.0965689,-5.59,7.81,-6.8,7.11,-116.1,22
29.128162,-5.59,7.81,-6.8,7.11,-116.1,22
29.1641535,-5.59,7.81,-6.8,7.11,-116.1,22
29.1888887,-5.59,7.81,-6.8,7.11,-116.1,22
29.2045097,-5.59,7.81,-6.8,7.11,-116.1,22
29.2209217,-5.59,7.81,-6.8,7.11,-116.1,22
29.2374825,-5.59,7.81,-6.8,7.11,-116.1,22
29.2528215,-5.59,7.81,-6.8,7.11,-116.1,22
29.2889373,-5.59,7.81,-6.8,7.11,-116.1,22
29.3128873,-5.87,8.01,-6.94,7.1,-116.1,22
29.3294271,-5.87,8.01,-6.94,7.1,-116.1,22
29.345343,-5.87,8.01,-6.94,7.1,-116.1,22
29.3620082,-5.87,8.01,-6.94,7.1,-116.1,22
29.4459544,-5.87,8.01,-6.94,7.1,-116.1,22
29.4751128,-5.87,8.01,-6.94,7.1,-116.1,22
29.4897173,-5.87,8.01,-6.94,7.1,-116.1,22
29.5134806,-5.87,8.01,-6.94,7.1,-116.1,22
29.5410994,-5.87,8.01,-6.94,7.1,-116.1,22
29.5749357,-5.87,8.01,-6.94,7.1,-116.1,22
29.6065983,-5.87,8.01,-6.94,7.1,-116.1,22
29.6292273,-5.87,8.01,-6.94,7.1,-116.1,22
29.6474961,-5.87,8.01,-6.94,7.1,-116.1,22
29.6637387,-5.87,8.01,-6.94,7.1,-116.1,22
29.6802303,-5.87,8.01,-6.94,7.1,-116.1,22
29.7625836,-5.87,8.01,-6.94,7.1,-116.1,22
29.7930326,-5.87,8.01,-6.94,7.1,-116.1,22
29.8177421,-5.87,8.01,-6.94,7.1,-116.1,22
29.8339306,-5.87,8.01,-6.94,7.1,-116.1,22
29.850087,-5.87,8.01,-6.94,7.1,-116.1,22
29.893113,-5.87,8.01,-6.94,7.1,-116.1,22
29.9230223,-5.87,8.01,-6.94,7.1,-116.1,22
29.9420262,-5.87,8.01,-6.94,7.1,-116.1,22
29.956099,-5.87,8.01,-6.94,7.1,-116.1,22
29.9731623,-5.87,8.01,-6.94,7.1,-116.1,22
29.9891358,-5.87,8.01,-6.94,7.1,-116.1,2.7
30.0143397,-5.87,8.01,-6.94,7.1,-116.1,-1.7
30.0424541,-5.87,8.01,-6.94,7.1,-116.1,-6.1
30.0694485,-5.87,8.01,-6.94,7.1,-116.1,-10.5
30.0861846,-5.87,8.01,-6.94,7.1,-116.1,-14.9
30.1019781,-5.87,8.01,-6.94,7.1,-116.1,-19.3
30.1176805,-5.87,8.01,-6.94,7.1,-116.1,-23.7
30.2052995,-5.87,8.01,-6.94,7.1,-116.1,-28.1
30.2245578,-5.87,8.01,-6.94,7.1,-116.1,-32.5
30.2399248,-5.87,8.01,-6.94,7.1,-116.1,-36.9
30.2551098,-5.87,8.01,-6.94,7.1,-116.1,-36.9
30.2782728,-5.87,8.01,-6.94,7.1,-116.1,-36.9
30.3036918,-8.35,7.8,-8.03,6.29,-116.1,-36.9
30.333882,-8.35,7.8,-8.03,6.29,0,-19.3
30.3600796,-8.35,7.8,-8.03,6.29,0,-23.7
30.4061131,-8.35,7.8,-8.03,6.29,0,-28.1
30.4271459,-8.35,7.8,-8.03,6.29,0,-32.5
30.4421649,-8.35,7.8,-8.03,6.29,0,-36.9
30.5084342,-8.35,7.8,-8.03,6.29,0,-36.9
30.5218875,-8.35,7.8,-8.03,6.29,0,-36.9
30.5395885,-8.35,7.8,-8.03,6.29,0,-36.9
30.5545429,-8.35,7.8,-8.03,6.29,0,-36.9
30.5709601,-8.35,7.8,-8.03,6.29,0,-36.9
30.5961964,-8.35,7.8,-8.03,6.29,0,-36.9
30.6211241,-8.35,7.8,-8.03,6.29,0,-36.9
30.6363304,-8.35,7.8,-8.03,6.29,0,-36.9
30.6530003,-8.35,7.8,-8.03,6.29,0,-36.9
30.6779399,-9.85,7.14,-8.08,5.88,36.1,-38.6
30.6946236,-9.85,7.14,-8.08,5.88,56.1,-47.4
32.4310547,-9.85,7.14,-8.08,5.88,76.1,-51.8
32.4624647,-9.85,7.14,-8.08,5.88,96.1,-51.8
32.4778224,-9.85,7.14,-8.08,5.88,116.1,-51.8
32.4935562,-9.85,7.14,-8.08,5.88,116.1,-51.8
32.5335746,-9.85,7.14,-8.08,5.88,116.1,-51.8
32.5755921,-9.85,7.14,-8.08,5.88,116.1,-51.8
32.6065296,-9.85,7.14,-8.08,5.88,116.1,-51.8
32.6277459,-9.85,7.14,-8.08,5.88,116.1,-51.8
32.6561265,-9.85,7.14,-8.08,5.88,116.1,-51.8
32.679689,-9.85,7.14,-8.08,5.88,116.1,-51.8
32.7061117,-9.85,7.14,-8.08,5.88,116.1,-51.8
32.7278816,-9.85,7.14,-8.08,5.88,116.1,-51.8
32.753414,-9.85,7.14,-8.08,5.88,116.1,-51.8
32.7700198,-9.85,7.14,-8.08,5.88,116.1,-51.8
32.7861203,-9.85,7.14,-8.08,5.88,116.1,-51.8
32.800815,-9.85,7.14,-8.08,5.88,116.1,-51.8
32.8363701,-9.85,7.14,-8.08,5.88,116.1,-51.8
32.8522541,-9.85,7.14,-8.08,5.88,116.1,-51.8
32.8676943,-9.85,7.14,-8.08,5.88,116.1,-51.8
32.884729,-9.85,7.14,-8.08,5.88,116.1,-51.8
32.9096644,-9.85,7.14,-8.08,5.88,116.1,-51.8
32.9256154,-9.85,7.14,-8.08,5.88,116.1,-51.8
32.9504776,-9.85,7.14,-8.08,5.88,116.1,-51.8
32.9749742,-9.85,7.14,-8.08,5.88,116.1,-51.8
32.9912318,-9.85,7.14,-8.08,5.88,116.1,-51.8
33.0149019,-9.85,7.14,-8.08,5.88,116.1,-51.8
33.0414008,-9.85,7.14,-8.08,5.88,116.1,-51.8
33.0795265,-9.85,7.14,-8.08,5.88,116.1,-51.8
33.1057158,-9.85,7.14,-8.08,5.88,116.1,-51.8
33.1457868,-9.85,7.14,-8.08,5.88,116.1,-51.8
33.1626035,-9.85,7.14,-8.08,5.88,116.1,-51.8
33.1791581,-9.85,7.14,-8.08,5.88,116.1,-51.8
33.2163057,-9.85,7.14,-8.08,5.88,116.1,-51.8
33.2518647,-9.85,7.14,-8.08,5.88,116.1,-51.8
33.2689729,-9.85,7.14,-8.08,5.88,116.1,-51.8
33.2851469,-9.85,7.14,-8.08,5.88,116.1,-51.8
33.3007231,-9.85,7.14,-8.08,5.88,116.1,-51.8
33.4241694,-9.85,7.14,-8.08,5.88,116.1,-51.8
33.454626,-9.85,7.14,-8.08,5.88,116.1,-51.8
33.4711102,-9.85,7.14,-8.08,5.88,116.1,-51.8
33.4876906,-9.85,7.14,-8.08,5.88,116.1,-51.8
33.5022441,-9.85,7.14,-8.08,5.88,116.1,-51.8
33.5206842,-9.85,7.14,-8.08,5.88,116.1,-51.8
33.5607395,-9.85,7.14,-8.08,5.88,116.1,-51.8
33.5782635,-9.85,7.14,-8.08,5.88,116.1,-51.8
33.6014232,-9.85,7.14,-8.08,5.88,116.1,-51.8
33.6226536,-9.85,7.14,-8.08,5.88,116.1,-51.8
33.6354931,-9.85,7.14,-8.08,6,116.1,-51.8
33.6511515,-9.69,7.57,-8.08,6,116.1,-51.8
33.679862,-9.69,7.57,-8.08,6,116.1,-51.8
33.7091919,-9.69,7.57,-8.08,6,116.1,-51.8
33.7341937,-9.69,7.57,-8.08,6,116.1,-51.8
33.7596386,-9.69,7.57,-8.08,6,116.1,-51.8
33.7761959,-9.69,7.57,-8.08,6,116.1,-51.8
33.8048468,-9.69,7.57,-8.08,6,116.1,-51.8
33.8320629,-9.69,7.57,-8.08,6,116.1,-51.8
33.8541616,-9.69,7.57,-8.08,6,116.1,-51.8
33.8673214,-9.69,7.57,-8.08,6,116.1,-51.8
33.8906729,-9.69,7.57,-8.08,6,116.1,-51.8
33.9053384,-9.69,7.57,-8.08,6,116.1,-51.8
33.9312763,-9.69,7.57,-8.08,6,116.1,-51.8
33.953192,-9.69,7.57,-8.08,6,116.1,-51.8
33.9718912,-9.69,7.57,-8.08,6,116.1,-51.8
33.9866187,-9.69,7.57,-8.08,6,116.1,-51.8
34.0052637,-9.69,7.57,-8.08,6,116.1,-51.8
34.020713,-9.69,7.57,-8.08,6,116.1,-51.8
34.0534268,-9.69,7.57,-8.08,6,116.1,-51.8
34.0696581,-9.69,7.57,-8.08,6,116.1,-51.8
34.0936211,-9.69,7.57,-8.08,6,116.1,-51.8
34.1181603,-9.69,7.57,-8.08,6,116.1,-51.8
34.1349522,-9.69,7.57,-8.08,6,116.1,-51.8
34.1512756,-9.69,7.57,-8.08,6,116.1,-51.8
34.1853953,-9.69,7.57,-8.08,6,116.1,-51.8
34.2090835,-9.69,7.57,-8.08,6,116.1,-51.8
34.2248168,-9.69,7.57,-8.08,6,116.1,-51.8
34.2413506,-9.69,7.57,-8.08,6,116.1,-51.8
34.257627,-9.69,7.57,-8.08,6,116.1,-51.8
34.2737463,-9.69,7.57,-8.08,6,116.1,-51.8
34.2892548,-9.69,7.57,-8.08,6,116.1,-51.8
34.3350054,-9.69,7.57,-8.08,6,116.1,-51.8
34.3547668,-9.69,7.57,-8.08,6,116.1,-51.8
34.3708369,-9.69,7.57,-8.08,6,116.1,-51.8
34.3870916,-9.69,7.57,-8.08,6,116.1,-51.8
34.4033761,-9.69,7.57,-8.08,6,116.1,-51.8
34.4281086,-9.69,7.57,-8.08,5.88,116.1,-51.8
34.4577481,-9.86,7.38,-8.08,5.88,116.1,-51.8
34.4853258,-9.86,7.38,-8.08,5.88,116.1,-51.8
34.5010672,-9.86,7.38,-8.08,5.88,116.1,-51.8
34.5180826,-9.86,7.38,-8.08,5.88,116.1,-51.8
34.5426005,-9.86,7.38,-8.08,5.88,116.1,-51.8
34.5584361,-9.86,7.38,-8.08,5.88,116.1,-51.8
34.5840369,-9.86,7.38,-8.08,5.88,116.1,-51.8
34.6069187,-9.86,7.38,-8.08,5.88,116.1,-51.8
34.6232879,-9.86,7.38,-8.08,5.88,116.1,-51.8
34.6404609,-9.86,7.38,-8.08,5.88,116.1,-51.8
34.6614033,-9.86,7.38,-8.08,5.88,116.1,-51.8
34.6877646,-9.86,7.38,-8.08,5.88,116.1,-51.8
34.7216733,-9.86,7.38,-8.08,5.88,116.1,-51.8
34.738093,-9.86,7.38,-8.08,5.88,116.1,-51.8
34.7538328,-9.86,7.38,-8.08,5.88,116.1,-51.8
34.770013,-9.8,7.49,-8.08,5.88,116.1,-51.8
34.7861467,-9.8,7.49,-8.08,5.88,116.1,-51.8
34.8030518,-9.8,7.49,-8.08,5.88,116.1,-51.8
34.8190538,-9.8,7.49,-8.08,5.88,116.1,-51.8
34.8449934,-9.8,7.49,-8.08,5.88,116.1,-51.8
34.8755043,-9.8,7.49,-8.08,5.88,116.1,-51.8
34.8999208,-9.8,7.49,-8.08,5.88,116.1,-51.8
34.9162786,-9.8,7.49,-8.08,5.88,116.1,-51.8
34.9324308,-9.8,7.49,-8.08,5.88,116.1,-51.8
34.9483315,-9.8,7.49,-8.08,5.88,116.1,-51.8
34.9734651,-9.8,7.49,-8.08,5.88,116.1,-51.8
34.998298,-9.8,7.49,-8.08,5.88,116.1,-51.8
35.0138093,-9.8,7.49,-8.08,5.88,116.1,-51.8
35.0302013,-9.8,7.47,-8.08,5.88,116.1,-51.8
35.0460969,-9.8,7.47,-8.08,5.88,116.1,-51.8
35.0625871,-9.8,7.47,-8.08,5.88,116.1,-51.8
35.086751,-9.8,7.47,-8.08,5.88,116.1,-51.8
35.1035383,-9.8,7.47,-8.08,5.88,116.1,-51.8
35.1205521,-9.8,7.47,-8.08,5.88,116.1,-51.8
35.1374113,-9.8,7.47,-8.08,5.88,116.1,-51.8
35.1629955,-9.8,7.47,-8.08,5.88,116.1,-51.8
35.1886593,-9.8,7.47,-8.08,5.88,116.1,-51.8
35.2364679,-9.8,7.47,-8.08,5.88,116.1,-51.8
35.2667159,-9.8,7.47,-8.08,5.88,116.1,-51.8
35.2833509,-9.8,7.27,-8.08,5.88,116.1,-51.8
35.2986703,-9.72,7.27,-8.08,5.88,116.1,-51.8
35.3147248,-9.72,7.27,-8.08,5.88,116.1,-51.8
35.3306913,-9.72,7.27,-8.08,5.88,116.1,-51.8
35.3588758,-9.72,7.27,-8.08,5.88,116.1,-51.8
35.3868642,-9.72,7.27,-8.08,5.88,116.1,-51.8
35.4109886,-9.72,7.27,-8.08,5.88,116.1,-51.8
35.426471,-9.72,7.27,-8.08,5.88,116.1,-51.8
35.4425846,-9.72,7.27,-8.08,5.88,116.1,-51.8
35.4586946,-9.72,7.27,-8.08,5.88,116.1,-51.8
35.4923247,-9.72,7.27,-8.08,5.88,116.1,-51.8
35.5223356,-9.72,7.27,-8.08,5.88,116.1,-51.8
35.5387399,-9.72,7.27,-8.08,5.88,116.1,-51.8
35.5546042,-9.77,7.33,-8.08,5.88,116.1,-51.8
35.570564,-9.77,7.33,-8.08,5.88,116.1,-51.8
35.5867424,-9.77,7.33,-8.08,5.88,116.1,-51.8
35.6138388,-9.77,7.33,-8.08,5.88,116.1,-51.8
35.643967,-9.77,7.33,-8.08,5.88,116.1,-51.8
35.6679368,-9.77,7.33,-8.08,5.88,116.1,-51.8
35.6844331,-9.77,7.33,-8.08,5.88,116.1,-51.8
35.7003745,-9.77,7.33,-8.08,5.88,116.1,-51.8
35.7182564,-9.77,7.33,-8.08,5.88,116.1,-51.8
35.7572643,-9.77,7.33,-8.08,5.88,116.1,-51.8
35.7734866,-9.77,7.33,-8.08,5.88,116.1,-51.8
35.7918565,-9.77,7.33,-8.08,5.88,116.1,-51.8
35.8063554,-9.77,7.33,-8.08,5.88,116.1,-51.8
35.8312794,-9.77,7.33,-8.08,5.88,116.1,-51.8
35.859667,-9.77,7.47,-8.08,5.88,116.1,-51.8
35.8881191,-9.75,7.47,-8.08,5.88,116.1,-51.8
35.9044545,-9.75,7.47,-8.08,5.88,116.1,-51.8
35.9213524,-9.75,7.47,-8.08,5.88,116.1,-51.8
35.937973,-9.75,7.47,-8.08,5.88,116.1,-51.8
35.9546204,-9.75,7.47,-8.08,5.88,116.1,-51.8
35.9862804,-9.75,7.47,-8.08,5.88,116.1,-51.8
36.0107038,-9.75,7.47,-8.08,5.88,116.1,-51.8
36.0266482,-9.75,7.47,-8.08,5.88,116.1,-51.8
36.0429726,-9.75,7.47,-8.08,5.88,116.1,-51.8
36.0685801,-9.75,7.47,-8.08,5.88,116.1,-51.8
36.0835703,-9.75,7.47,-8.08,5.88,116.1,-51.8
36.1091143,-9.75,7.47,-8.08,5.88,116.1,-51.8
36.1253359,-9.7,7.47,-8.08,5.94,116.1,-51.8
36.1413266,-9.7,7.47,-8.08,5.94,116.1,-51.8
36.1578809,-9.7,7.47,-8.08,5.94,116.1,-51.8
36.1744818,-9.7,7.47,-8.08,5.94,116.1,-51.8
36.1904729,-9.7,7.47,-8.08,5.94,116.1,-51.8
36.226661,-9.7,7.47,-8.08,5.94,116.1,-51.8
36.246572,-9.7,7.47,-8.08,5.94,116.1,-51.8
36.2627113,-9.7,7.47,-8.08,5.94,116.1,-51.8
36.2783848,-9.7,7.47,-8.08,5.94,116.1,-51.8
36.2948773,-9.7,7.47,-8.08,5.94,116.1,-51.8
36.3181718,-9.7,7.47,-8.08,5.94,116.1,-51.8
36.342357,-9.7,7.47,-8.08,5.94,116.1,-51.8
36.3664494,-9.7,7.47,-8.08,5.94,116.1,-51.8
36.3823504,-9.7,7.47,-8.08,5.94,116.1,-51.8
36.3979725,-9.71,7.52,-8.08,5.94,116.1,-51.8
36.4223678,-9.71,7.52,-8.08,5.94,116.1,-51.8
36.446683,-9.71,7.52,-8.08,5.94,116.1,-51.8
36.4766336,-9.71,7.52,-8.08,5.94,116.1,-51.8
36.4954495,-9.71,7.52,-8.08,5.94,116.1,-51.8
36.5186994,-9.71,7.52,-8.08,5.94,116.1,-51.8
36.5349546,-9.71,7.52,-8.08,5.94,116.1,-51.8
36.5517181,-9.71,7.52,-8.08,5.94,116.1,-51.8
36.5669911,-9.71,7.52,-8.08,5.94,116.1,-51.8
36.6084983,-9.71,7.52,-8.08,5.94,116.1,-51.8
36.6412719,-9.71,7.52,-8.08,5.94,116.1,-51.8
36.6563875,-9.71,7.52,-8.08,5.94,116.1,-51.8
36.6758701,-9.71,7.52,-8.08,5.94,116.1,-51.8
36.6902682,-9.75,7.52,-8.08,5.94,116.1,-51.8
36.7272375,-9.75,7.52,-8.08,5.94,116.1,-51.8
36.7562803,-9.75,7.52,-8.08,5.94,116.1,-51.8
36.7810983,-9.75,7.52,-8.08,5.94,116.1,-51.8
36.7945428,-9.75,7.52,-8.08,5.94,116.1,-51.8
36.8210332,-9.75,7.52,-8.08,5.94,116.1,-51.8
36.8484716,-9.75,7.52,-8.08,5.94,116.1,-51.8
36.8698248,-9.75,7.52,-8.08,5.94,116.1,-51.8
36.8849983,-9.75,7.52,-8.08,5.94,116.1,-51.8
36.9024354,-9.75,7.52,-8.08,5.94,116.1,-51.8
36.9193118,-9.75,7.52,-8.08,5.94,116.1,-51.8
36.935877,-9.7,7.53,-8.08,6,116.1,-51.8
36.9511755,-9.7,7.53,-8.08,6,116.1,-51.8
36.9849729,-9.7,7.53,-8.08,6,116.1,-51.8
37.0027563,-9.7,7.53,-8.08,6,116.1,-51.8
37.0202507,-9.7,7.53,-8.08,6,116.1,-51.8
37.0356332,-9.7,7.53,-8.08,6,116.1,-51.8
37.0546409,-9.7,7.53,-8.08,6,116.1,-51.8
37.0684675,-9.7,7.53,-8.08,6,116.1,-51.8
37.0852328,-9.7,7.53,-8.08,6,116.1,-51.8
37.1142998,-9.7,7.53,-8.08,6,116.1,-51.8
37.1349752,-9.7,7.53,-8.08,6,116.1,-51.8
37.152041,-9.7,7.53,-8.08,6,116.1,-51.8
37.1684642,-9.7,7.53,-8.08,6,116.1,-51.8
37.1856924,-9.7,7.53,-8.08,6,116.1,-51.8
37.2099008,-9.7,7.53,-8.08,6,116.1,-51.8
37.2496291,-9.7,7.53,-8.08,6,116.1,-51.8
37.2678421,-9.75,7.5,-8.08,5.94,116.1,-51.8
37.2838331,-9.75,7.5,-8.08,5.94,116.1,-51.8
37.309542,-9.75,7.5,-8.08,5.94,116.1,-51.8
37.3295266,-9.75,7.5,-8.08,5.94,116.1,-51.8
37.3506986,-9.75,7.5,-8.08,5.94,116.1,-51.8
37.3755675,-9.75,7.5,-8.08,5.94,116.1,-51.8
37.4009171,-9.75,7.5,-8.08,5.94,116.1,-51.8
37.4235268,-9.75,7.5,-8.08,5.94,116.1,-51.8
37.4398365,-9.75,7.5,-8.08,5.94,116.1,-51.8
37.4563654,-9.75,7.5,-8.08,5.94,116.1,-51.8
37.4731929,-9.75,7.5,-8.08,5.94,116.1,-51.8
37.5032072,-9.75,7.5,-8.08,5.94,116.1,-51.8
37.5218866,-9.75,7.5,-8.08,5.94,116.1,-51.8
37.5466779,-9.75,7.5,-6.8,7.11,116.1,-51.8
37.5631232,-5.11,8.99,-6.8,7.11,-36.1,-38.6
37.5788964,-5.11,8.99,-6.8,7.11,-56.1,-47.4
37.5953303,-5.11,8.99,-6.8,7.11,-76.1,-51.8
37.6090084,-5.11,8.99,-6.8,7.11,-96.1,-51.8
37.6397366,-5.11,8.99,-6.8,7.11,-116.1,-51.8
37.6533334,-5.11,8.99,-6.8,7.11,-116.1,-51.8
37.6692425,-5.11,8.99,-6.8,7.11,-116.1,-51.8
37.6922916,-5.11,8.99,-6.8,7.11,-116.1,-51.8
37.7184774,-5.11,8.99,-6.8,7.11,-116.1,-51.8
37.7461004,-5.11,8.99,-6.8,7.11,-116.1,-51.8
37.7673171,-5.11,8.99,-6.8,7.11,-116.1,-51.8
37.79162,-5.11,8.99,-6.8,7.11,-116.1,-51.8
37.8159661,-5.11,8.99,-6.8,7.11,-116.1,-51.8
37.8338391,-5.11,8.99,-6.8,7.11,-116.1,-51.8
37.8485483,-5.11,8.99,-6.8,7.11,-116.1,-51.8
37.8760976,-5.11,8.99,-6.8,7.11,-116.1,-51.8
37.8975931,-5.11,8.99,-6.8,7.11,-116.1,-51.8
37.9215683,-5.11,8.99,-6.8,7.03,-116.1,-51.8
37.9376409,-6.44,8.78,-7.38,7.03,-116.1,-51.8
37.954476,-6.44,8.78,-7.38,7.03,-116.1,-51.8
37.97004,-6.44,8.78,-7.38,7.03,-116.1,-51.8
37.9967842,-6.44,8.78,-7.38,7.03,-116.1,-51.8
38.0194286,-6.44,8.78,-7.38,7.03,-116.1,-51.8
38.0366709,-6.44,8.78,-7.38,7.03,-116.1,-51.8
38.0529398,-6.44,8.78,-7.38,7.03,-116.1,-51.8
38.0686667,-6.44,8.78,-7.38,7.03,-116.1,-51.8
38.0861661,-6.44,8.78,-7.38,7.03,-116.1,-51.8
38.1117657,-6.44,8.78,-7.38,7.03,-116.1,-51.8
38.1347826,-6.44,8.78,-7.38,7.03,-116.1,-51.8
38.152642,-6.44,8.78,-7.38,7.03,-116.1,-51.8
38.1760197,-6.44,8.78,-7.38,7.03,-116.1,-51.8
38.2009571,-6.44,9.23,-7.95,6.61,-116.1,-51.8
38.2248821,-8.32,9.23,-7.95,6.61,-100,-66.7
38.2444683,-8.32,9.23,-7.95,6.61,-100,-66.7
38.2592881,-8.32,9.23,-7.95,6.61,-100,-66.7
38.2735697,-8.32,9.23,-7.95,6.61,-100,-66.7
38.2931637,-8.32,9.23,-7.95,6.61,-100,-66.7
38.3082278,-8.32,9.23,-7.95,6.61,-100,-66.7
38.3223061,-8.32,9.23,-7.95,6.61,-100,-66.7
38.3554434,-8.32,9.23,-7.95,6.61,-100,-66.7
38.3803295,-8.32,9.23,-7.95,6.61,-100,-66.7
38.4038799,-8.32,9.23,-7.95,6.61,-100,-66.7
38.4211769,-8.32,9.23,-7.95,6.61,-100,-66.7
38.43641,-8.32,9.23,-7.95,6.61,-100,-66.7
38.4566362,-8.32,9.23,-7.95,6.61,-100,-66.7
38.4798262,-8.32,9.23,-7.95,6.61,-100,-66.7
38.5033057,-8.21,8.28,-8,6.46,-63.9,-51.8
38.5194374,-8.21,8.28,-8,6.46,-43.9,-51.8
38.5359368,-8.21,8.28,-8,6.46,-23.9,-51.8
38.5505698,-8.21,8.28,-8,6.46,-3.9,-51.8
38.571059,-8.21,8.28,-8,6.46,16.1,-51.8
38.6078842,-8.21,8.28,-8,6.46,36.1,-51.8
38.6350392,-8.21,8.28,-8,6.46,56.1,-51.8
38.6579943,-8.21,8.28,-8,6.46,76.1,-51.8
38.6732034,-8.21,8.28,-8,6.46,96.1,-51.8
38.6884663,-8.21,8.28,-8,6.46,116.1,-51.8
38.7051147,-8.21,8.28,-8,6.46,116.1,-51.8
38.7328101,-8.21,8.28,-8,6.46,116.1,-51.8
38.7552839,-8.21,8.28,-8,6.46,116.1,-51.8
38.7718556,-8.21,8.28,-8,6.46,116.1,-51.8
38.7874785,-9.02,7.74,-8.06,6.17,0,-36.9
38.8041989,-9.02,7.74,-8.06,6.17,0,-36.9
38.8206743,-9.02,7.74,-8.06,6.17,0,-36.9
38.8372698,-9.02,7.74,-8.06,6.17,0,-36.9
38.8720196,-9.02,7.74,-8.06,6.17,0,-36.9
38.8944405,-9.02,7.74,-8.06,6.17,0,-36.9
38.9197839,-9.02,7.74,-8.06,6.17,0,-36.9
38.9348517,-9.02,7.74,-8.06,6.17,0,-36.9
38.9531056,-9.02,7.74,-8.06,6.17,0,-36.9
38.9699775,-9.02,7.74,-8.06,6.17,0,-36.9
38.9966919,-9.02,7.74,-8.06,6.17,0,-36.9
39.0259275,-9.02,7.74,-8.06,6.17,0,-36.9
39.0503559,-9.02,7.74,-8.06,6.17,0,-36.9
39.0672523,-9.02,7.74,-8.06,6.17,0,-36.9
39.0855954,-9.02,7.74,-8.06,6,0,-36.9
39.0996972,-9.58,7.72,-8.08,6,36.1,-36.9
39.1271561,-9.58,7.72,-8.08,6,56.1,-36.9
39.1440163,-9.58,7.72,-8.08,6,76.1,-36.9
39.1570768,-9.58,7.72,-8.08,6,96.1,-36.9
39.1735437,-9.58,7.72,-8.08,6,116.1,-36.9
39.1896324,-9.58,7.72,-8.08,6,116.1,-36.9
39.2058791,-9.58,7.72,-8.08,6,116.1,-36.9
39.2212555,-9.58,7.72,-8.08,6,116.1,-36.9
39.2547971,-9.58,7.72,-8.08,6,116.1,-36.9
39.2786134,-9.58,7.72,-8.08,6,116.1,-36.9
39.2945657,-9.58,7.72,-8.08,6,116.1,-36.9
39.3075763,-9.58,7.72,-8.08,6,116.1,-36.9
39.3346646,-9.58,7.8,-8.06,6.17,116.1,-36.9
39.3509635,-9.04,7.8,-8.06,6.17,116.1,-36.9
39.37715,-9.04,7.8,-8.06,6.17,116.1,-36.9
39.4022324,-9.04,7.8,-8.06,6.17,116.1,-36.9
39.4153816,-9.04,7.8,-8.06,6.17,116.1,-36.9
39.4285882,-9.04,7.8,-8.06,6.17,116.1,-36.9
39.4478868,-9.04,7.8,-8.06,6.17,116.1,-36.9
39.4637529,-9.04,7.8,-8.06,6.17,116.1,-36.9
39.4798395,-9.04,7.8,-8.06,6.17,116.1,-36.9
39.5089015,-9.04,7.8,-8.06,6.17,116.1,-36.9
39.5286645,-9.04,7.8,-8.06,6.17,116.1,-36.9
39.544334,-9.04,7.8,-8.06,6.17,116.1,-36.9
39.5587693,-9.04,7.8,-8.06,6.17,116.1,-36.9
39.5859586,-9.04,7.8,-8.06,6.17,116.1,-36.9
39.6038268,-9.44,7.97,-8.06,6.17,116.1,-36.9
39.6295391,-9.44,7.97,-8.06,6.17,116.1,-36.9
39.6519308,-9.44,7.97,-8.06,6.17,116.1,-36.9
39.6680727,-9.44,7.97,-8.06,6.17,116.1,-36.9
39.6872419,-9.44,7.97,-8.06,6.17,116.1,-36.9
39.7009215,-9.44,7.97,-8.06,6.17,116.1,-36.9
39.7168167,-9.44,7.97,-8.06,6.17,116.1,-36.9
39.732731,-9.44,7.97,-8.06,6.17,116.1,-36.9
39.7595685,-9.44,7.97,-8.06,6.17,116.1,-36.9
39.7816767,-9.44,7.97,-8.06,6.17,116.1,-36.9
39.801821,-9.44,7.97,-8.06,6.17,116.1,-36.9
39.8140258,-9.44,7.97,-8.06,6.17,116.1,-36.9
39.8383665,-9.44,7.97,-8.06,6.17,116.1,-36.9
39.854878,-9.44,7.97,-8.06,6.17,116.1,-36.9
39.8803087,-9.44,7.97,-8.06,6.17,116.1,-36.9
39.8993583,-9.44,7.97,-8.06,6.17,116.1,-36.9
39.9138843,-9.44,7.97,-8.06,6.17,116.1,-36.9
39.9291518,-9.44,7.97,-8.06,6.17,116.1,-36.9
39.9430744,-9.44,7.97,-8.06,6.17,116.1,-36.9
39.9698654,-9.44,7.97,-8.06,6.17,116.1,-36.9
39.9990824,-9.44,7.97,-8.06,6.17,116.1,-36.9
40.0184655,-9.44,7.97,-8.06,6.17,116.1,-36.9
40.0359293,-9.44,7.97,-8.06,6.17,116.1,-36.9
40.050519,-9.44,7.97,-8.06,6.17,116.1,-36.9
40.0669113,-9.44,7.97,-8.06,6.17,116.1,-36.9
40.0930622,-9.44,7.97,-8.06,6.17,116.1,-36.9
40.1224368,-7.76,7.5,-8,6.46,100,-36.9
40.1405732,-7.76,7.5,-8,6.46,100,-36.9
40.1562798,-7.76,7.5,-8,6.46,100,-36.9
40.1737777,-7.76,7.5,-8,6.46,100,-36.9
40.1887935,-7.76,7.5,-8,6.46,100,-36.9
40.2067868,-7.76,7.5,-8,6.46,100,-36.9
40.225632,-7.76,7.5,-8,6.46,100,-36.9
40.2680672,-7.76,7.5,-8,6.46,100,-36.9
40.2862818,-7.76,7.5,-8,6.46,100,-36.9
40.3023138,-7.76,7.5,-8,6.46,100,-36.9
40.3207817,-7.76,7.5,-8,6.46,100,-36.9
40.3357382,-7.76,7.5,-8,6.46,100,-36.9
40.3521375,-7.76,7.5,-8,6.46,100,-36.9
40.3674969,-7.76,7.5,-8,6.46,100,-36.9
40.3983601,-7.76,7.5,-8,6.46,100,-36.9
40.4194325,-2.72,8.92,-3.34,6.93,-36.1,-51.8
40.4331779,-2.72,8.92,-3.34,6.93,-56.1,-51.8
40.4580021,-2.72,8.92,-3.34,6.93,-76.1,-51.8
40.4737464,-2.72,8.92,-3.34,6.93,-96.1,-51.8
40.4895401,-2.72,8.92,-3.34,6.93,-116.1,-51.8
40.5179394,-2.72,8.92,-3.34,6.93,-116.1,-51.8
40.5422028,-2.72,8.92,-3.34,6.93,-116.1,-51.8
40.5655405,-2.72,8.92,-3.34,6.93,-116.1,-51.8
40.5898802,-2.72,8.92,-3.34,6.93,-116.1,-51.8
40.6061731,-2.72,8.92,-3.34,6.93,-116.1,-51.8
40.634601,-2.72,8.92,-3.34,6.93,-116.1,-51.8
40.6572215,-2.72,8.92,-3.34,6.93,-116.1,-51.8
40.6717504,-2.72,8.92,-3.34,6.93,-116.1,-51.8
40.6883248,0.66,9.19,0,7.15,-116.1,-51.8
40.7046687,0.66,9.19,0,7.15,0,-38.6
40.7301993,0.66,9.19,0,7.15,0,-47.4
40.7574011,0.66,9.19,0,7.15,0,-51.8
40.7876593,0.66,9.19,0,7.15,0,-51.8
40.803258,0.66,9.19,0,7.15,0,-51.8
40.8196887,0.66,9.19,0,7.15,0,-51.8
40.8357226,0.66,9.19,0,7.15,0,-51.8
40.8520201,0.66,9.19,0,7.15,0,-51.8
40.8817272,0.66,9.19,0,7.15,0,-51.8
40.9000176,0.66,9.19,0,7.15,0,-51.8
40.9181532,0.66,9.19,0,7.15,0,-51.8
40.9339166,0.66,9.19,0,7.15,0,-51.8
40.9499427,0.66,9.19,0,7.15,0,-51.8
40.9735103,0.66,9.19,0,7.15,0,-51.8
41.0009899,0.66,9.19,0,7.15,0,-51.8
41.5095315,2.22,9.28,2.52,7.44,0,-51.8
41.526989,2.22,9.28,2.52,7.44,0,-51.8
41.5400897,2.22,9.28,2.52,7.44,0,-51.8
41.5675384,2.22,9.28,2.52,7.44,0,-51.8
41.5837433,2.22,9.28,2.52,7.44,0,-51.8
41.5996383,2.22,9.28,2.52,7.44,0,-51.8
41.6323871,2.22,9.28,2.52,7.44,0,-51.8
41.6573286,2.22,9.28,2.52,7.44,0,-51.8
41.6741024,2.22,9.28,2.52,7.44,0,-51.8
41.6901733,2.22,9.28,2.52,7.44,0,-51.8
41.707396,2.22,9.28,2.52,7.44,0,-51.8
41.7229402,2.22,9.28,2.52,7.44,0,-51.8
41.7519696,2.22,9.28,2.52,7.44,0,-51.8
41.7722446,2.22,9.18,2.57,7.62,0,-51.8
41.7885376,3.77,9.18,2.57,7.62,-36.1,-51.8
41.804705,3.77,9.18,2.57,7.62,-56.1,-51.8
41.8217636,3.77,9.18,2.57,7.62,-76.1,-51.8
41.8370857,3.77,9.18,2.57,7.62,-96.1,-51.8
41.8529478,3.77,9.18,2.57,7.62,-116.1,-51.8
41.8806374,3.77,9.18,2.57,7.62,-116.1,-51.8
41.9018226,3.77,9.18,2.57,7.62,-116.1,-51.8
41.9186345,3.77,9.18,2.57,7.62,-116.1,-51.8
41.9351023,3.77,9.18,2.57,7.62,-116.1,-51.8
41.9513151,3.77,9.18,2.57,7.62,-116.1,-51.8
41.967347,3.77,9.18,2.57,7.62,-116.1,-51.8
41.9849271,3.77,9.18,2.57,7.62,-116.1,-51.8
42.0270659,3.77,9.18,2.57,7.62,-116.1,-51.8
42.0405749,4.16,9.52,2.57,7.62,-132.2,-51.8
42.059187,4.16,9.52,2.57,7.62,-132.2,-51.8
42.0743338,4.16,9.52,2.57,7.62,-132.2,-51.8
42.0896312,4.16,9.52,2.57,7.62,-132.2,-51.8
42.1090088,4.16,9.52,2.57,7.62,-132.2,-51.8
42.1277513,4.16,9.52,2.57,7.62,-132.2,-51.8
42.1550717,4.16,9.52,2.57,7.62,-132.2,-51.8
42.1729851,4.16,9.52,2.57,7.62,-132.2,-51.8
42.1882979,4.16,9.52,2.57,7.62,-132.2,-51.8
42.2049072,4.16,9.52,2.57,7.62,-132.2,-51.8
42.2206907,4.16,9.52,2.57,7.62,-132.2,-51.8
42.2457066,4.16,9.52,2.57,7.62,-132.2,-51.8
42.261146,4.16,9.52,2.57,7.62,-132.2,-51.8
42.2911117,4.16,9.52,2.57,7.62,-132.2,-51.8
42.316901,4.33,9.64,2.57,7.62,-132.2,-51.8
42.3333854,4.33,9.64,2.57,7.62,-132.2,-51.8
42.3498301,4.33,9.64,2.57,7.62,-132.2,-51.8
42.3670311,4.33,9.64,2.57,7.62,-132.2,-51.8
42.3956063,4.33,9.64,2.57,7.62,-132.2,-51.8
42.4242471,4.33,9.64,2.57,7.62,-132.2,-51.8
42.4405264,4.33,9.64,2.57,7.62,-132.2,-51.8
42.4580848,4.33,9.64,2.57,7.62,-132.2,-51.8
42.4754393,4.33,9.64,2.57,7.62,-132.2,-51.8
42.4896016,4.33,9.64,2.57,7.62,-132.2,-51.8
42.5202104,4.33,9.64,2.57,7.62,-132.2,-51.8
42.5391768,4.33,9.64,2.57,7.62,-132.2,-51.8
42.5559678,4.33,9.64,2.57,7.62,-132.2,-51.8
42.5732282,3.32,8.92,2.57,7.62,-116.1,-51.8
42.592215,3.32,8.92,2.57,7.62,-116.1,-51.8
42.6155969,3.32,8.92,2.57,7.62,-116.1,-51.8
42.6420768,3.32,8.92,2.57,7.62,-116.1,-51.8
42.6626975,3.32,8.92,2.57,7.62,-116.1,-51.8
42.6795279,3.32,8.92,2.57,7.62,-116.1,-51.8
42.6922757,3.32,8.92,2.57,7.62,-116.1,-51.8
42.7045413,3.32,8.92,2.57,7.62,-116.1,-51.8
42.7195961,3.32,8.92,2.57,7.62,-116.1,-51.8
42.7355145,3.32,8.92,2.57,7.62,-116.1,-51.8
42.761337,3.32,8.92,2.57,7.62,-116.1,-51.8
42.783645,3.32,8.92,2.57,7.62,-116.1,-51.8
42.799935,3.32,8.92,2.57,7.62,-116.1,-51.8
42.8169403,3.32,8.92,2.57,7.62,-116.1,-51.8
42.8319773,3.32,8.92,2.57,7.62,-116.1,-51.8
42.8496112,3.32,8.92,2.57,7.62,-116.1,-51.8
42.8751813,2.78,7.68,2.28,7.23,-100,-22
42.8915057,2.78,7.68,2.28,7.23,-100,-22
42.9097361,2.78,7.68,2.28,7.23,-100,-22
42.9246601,2.78,7.68,2.28,7.23,-100,-22
42.9488482,2.78,7.68,2.28,7.23,-100,-22
42.9652776,2.78,7.68,2.28,7.23,-100,-22
42.9951029,2.78,7.68,2.28,7.23,-100,-22
43.0233697,2.78,7.68,2.28,7.23,-100,-22
43.041108,2.78,7.68,2.28,7.23,-100,-22
43.0544289,2.78,7.68,2.28,7.23,-100,-22
43.0791955,2.78,7.68,2.28,7.23,-100,-22
43.1150931,2.78,7.68,2.28,7.23,-100,-22
43.1365826,2.78,7.68,2.28,7.23,-100,-22
43.1523148,2.78,7.68,2.28,7.23,-100,-22
43.1699504,2.78,7.68,2.28,7.18,-100,-22
43.1869355,2.41,7.07,1.72,7.18,-36.1,-22
43.2035809,2.41,7.07,1.72,7.18,-56.1,-22
43.2184648,2.41,7.07,1.72,7.18,-76.1,-22
43.2505435,2.41,7.07,1.72,7.18,-96.1,-22
43.2695149,2.41,7.07,1.72,7.18,-116.1,-22
43.2896567,2.41,7.07,1.72,7.18,-116.1,-22
43.3024912,2.41,7.07,1.72,7.18,-116.1,-22
43.3188001,2.41,7.07,1.72,7.18,-116.1,-22
43.3438459,2.41,7.07,1.72,7.18,-116.1,-22
43.3960846,2.41,7.07,1.72,7.18,-116.1,-22
43.4179605,2.41,7.07,1.72,7.18,-116.1,-22
43.4343934,2.41,7.07,1.72,7.18,-116.1,-22
43.4603853,1.93,7.18,1.21,7.16,-116.1,-22
43.4751707,1.93,7.18,1.21,7.16,-116.1,-22
43.5001643,1.93,7.18,1.21,7.16,-116.1,-22
43.5252487,1.93,7.18,1.21,7.16,-116.1,-22
43.5485237,1.93,7.18,1.21,7.16,-116.1,-22
43.5670313,1.93,7.18,1.21,7.16,-116.1,-22
43.5835468,1.93,7.18,1.21,7.16,-116.1,-22
43.6072042,1.93,7.18,1.21,7.16,-116.1,-22
43.6231162,1.93,7.18,1.21,7.16,-116.1,-22
43.6631835,1.93,7.18,1.21,7.16,-116.1,-22
43.6876396,1.93,7.18,1.21,7.16,-116.1,-22
43.7042343,1.93,7.18,1.21,7.16,-100,-22
43.7206403,1.93,7.18,1.21,7.16,-100,-22
43.7452843,1.93,7.18,1.21,7.16,-100,-22
43.7695141,1.93,7.18,1.21,7.16,-100,-22
43.8188644,1.93,7.18,1.21,7.16,-100,-22
43.8364667,1.93,7.18,1.21,7.16,-100,-22
43.852719,1.93,7.18,1.21,7.16,-100,-22
43.8691693,1.93,7.18,1.21,7.16,-100,-22
43.8850538,1.93,7.18,1.21,7.16,-100,-22
43.9332244,1.93,7.18,1.21,7.16,-100,-22
43.9651642,1.93,7.18,1.21,7.16,-100,-22
43.9816046,1.93,7.18,1.21,7.16,-100,-22
44.0071867,1.93,7.18,1.21,7.16,-100,-22
44.0237716,1.93,7.18,1.21,7.16,-100,-22
44.0618977,1.93,7.18,1.21,7.16,-100,-22
44.0888689,1.93,7.18,1.21,7.16,-100,-22
44.1057045,1.93,7.18,1.21,7.16,-100,-22
44.1213145,1.93,7.18,1.21,7.16,-100,-22
44.1372765,1.93,7.18,1.21,7.16,-100,-22
44.1534562,1.93,7.18,1.21,7.16,-100,-22
44.1695877,1.93,7.18,1.21,7.16,-100,-22
44.2149577,1.93,7.18,1.21,7.16,-100,-22
44.2430145,1.93,7.18,1.21,7.16,-100,-22
44.2588646,1.93,7.18,1.21,7.16,-100,-22
44.2736466,1.93,7.18,1.21,7.16,-100,-22
44.2915615,1.93,7.18,1.21,7.16,-100,-22
44.307744,1.93,7.18,1.21,7.16,-100,-22
44.3326448,1.93,7.18,1.21,7.16,-100,-22
44.3479559,1.1,6.8,0.35,7.16,-36.1,-2.7
44.3643633,1.1,6.8,0.35,7.16,-56.1,1.7
44.3821921,1.1,6.8,0.35,7.16,-76.1,6.1
44.4055349,1.1,6.8,0.35,7.16,-96.1,10.5
44.4208736,1.1,6.8,0.35,7.16,-116.1,14.9
44.446219,1.1,6.8,0.35,7.16,-116.1,19.3
44.4639919,1.1,6.8,0.35,7.16,-116.1,23.7
44.4801807,1.1,6.8,0.35,7.16,-116.1,28.1
44.4966849,1.1,6.8,0.35,7.16,-116.1,32.5
44.5128398,1.1,6.8,0.35,7.16,-116.1,36.9
44.5276653,1.1,6.8,0.35,7.16,-116.1,36.9
44.5440906,1.1,6.8,0.35,7.16,-116.1,36.9
44.5845144,1.1,6.8,0.35,7.16,-116.1,36.9
44.6207459,1.1,6.8,0.35,7.16,-116.1,36.9
44.6348063,1.1,6.8,0.35,7.16,-116.1,36.9
44.6521965,0.69,7.07,-0.05,7.15,-116.1,36.9
44.6678382,0.69,7.07,-0.05,7.15,-100,22
44.6827015,0.69,7.07,-0.05,7.15,-100,22
44.7145253,0.69,7.07,-0.05,7.15,-100,22
44.7344693,0.69,7.07,-0.05,7.15,-100,22
44.7520627,0.69,7.07,-0.05,7.15,-100,22
44.7669934,0.69,7.07,-0.05,7.15,-100,22
44.7911439,0.69,7.07,-0.05,7.15,-100,22
44.8098045,0.69,7.07,-0.05,7.15,-100,22
44.8369156,0.69,7.07,-0.05,7.15,-100,22
44.8559012,0.69,7.07,-0.05,7.15,-100,22
44.8722155,0.69,7.07,-0.05,7.15,-100,22
44.8881635,0.69,7.07,-0.05,7.15,-100,22
44.908377,0.69,7.07,-0.05,7.15,-100,22
44.9210885,-0.8,7.1,-1.5,7.13,-36.1,22
44.9383283,-0.8,7.1,-1.5,7.13,-56.1,22
44.9651238,-0.8,7.1,-1.5,7.13,-76.1,22
44.9864052,-0.8,7.1,-1.5,7.13,-96.1,22
45.0013859,-0.8,7.1,-1.5,7.13,-116.1,22
45.0202901,-0.8,7.1,-1.5,7.13,-116.1,22
45.0343027,-0.8,7.1,-1.5,7.13,-116.1,22
45.0503972,-0.8,7.1,-1.5,7.13,-116.1,22
45.0666168,-0.8,7.1,-1.5,7.13,-116.1,22
45.0941517,-0.8,7.1,-1.5,7.13,-116.1,22
45.1196705,-0.8,7.1,-1.5,7.13,-116.1,22
45.1370847,-0.8,7.1,-1.5,7.13,-116.1,22
45.1525422,-0.8,7.1,-1.5,7.13,-116.1,22
45.1685867,-1.2,6.95,-1.91,7.12,-100,36.9
45.1936275,-1.2,6.95,-1.91,7.12,-100,36.9
45.2198627,-1.2,6.95,-1.91,7.12,-100,36.9
45.2520708,-1.2,6.95,-1.91,7.12,-100,36.9
45.2666563,-1.2,6.95,-1.91,7.12,-100,36.9
45.2833934,-1.2,6.95,-1.91,7.12,-100,36.9
