t_sim,y_sim
1,6.54068529787577
2,6.62625301504875
3,6.68540710786388
4,6.72636480129042
5,6.75476683705113
6,6.77449162899897
7,6.78821018766663
8,6.79776495978965
9,6.80442887492311
10,6.60628493791373
11,6.60733638931366
12,6.60809085727653
13,6.60863201746028
14,6.60902004142228
15,6.60929817400076
16,6.60949747869743
17,6.60964025832635
18,6.60974251878732
19,6.60981574235786
20,6.60986816317889
21,6.60990568413488
22,6.60993253559431
23,6.46509615629019
24,6.46353642279171
25,6.46245769117739
26,6.46171047035715
27,6.46119209539232
28,6.46083194506796
29,6.46058136181597
30,6.46040676711567
31,6.46028495176148
32,6.46019984870439
33,6.46014031816119
34,6.46009862499473
35,6.46006939029547
36,6.60490446048165
37,6.60646351789974
38,6.60754193720756
39,6.60828904733173
40,6.60880741725224
41,6.60916761273255
42,6.60941826035552
43,6.60959292218953
44,6.60971479943008
45,6.60979995586923
46,6.6098595305872
47,6.60990125928834
48,6.60993052199167
49,6.60995106569897
50,6.69687885896244
51,6.69783310339792
52,6.69849339426875
53,6.69895098749958
54,6.69926858635196
55,6.69948934515478
56,6.69964301199634
57,6.69975012625488
58,6.6998248915822
59,6.69987714551099
60,6.69991371194479
61,6.69993933139793
62,6.69995730184823
63,6.69996992093657
64,6.69997879157591
65,6.6999850334913
66,6.69998942987059
67,6.69999252918324
68,6.69999471597609
69,6.6999962601688
70,6.69999735142597
71,6.69999812315579
72,6.69999866928764
73,6.69999905601596
74,6.69999933003054
75,6.69999952429094
76,6.61308630678425
77,6.61214231733462
78,6.61148924844446
79,6.61103674586632
80,6.61072273842821
81,6.61050451540745
82,6.61035264037944
83,6.61024679315667
84,6.61017292439378
85,6.61012130528823
86,6.6100851886194
87,6.61005988799951
88,6.61004214368592
89,6.61002968506736
90,4.81381158552355
91,4.79429428833655
92,4.78079175758142
93,4.77143596006052
94,4.76494359110908
95,4.76043161039581
96,4.757291417229
97,4.75510288632956
98,4.75357554129278
99,4.75250823317139
100,4.75176145791481
101,4.7512383200298
102,4.75087142073726
103,4.75061381228911
104,4.75043274756084
105,4.75030535436954
106,4.75021563722199
107,4.90466502765334
108,4.90629878806269
109,4.90742841980102
110,4.90821069574451
111,4.908753252137
112,4.9091301096095
113,4.90939225405698
114,4.90957486131811
115,4.90970223820426
116,4.90979120721567
117,4.90985342893044
118,4.90989699808621
119,4.90992754228226
120,4.90994897951765
121,4.90996404133553
122,6.95726700391294
123,6.97951296105249
124,6.99490325222327
125,7.00556706989949
126,7.01296713124147
127,7.01810993067312
128,7.02168915514236
129,7.02418366639078
130,7.02592455164737
131,7.02714108214691
132,7.02799226584598
133,7.02858854514666
134,7.02900674185567
135,7.02930036751525
136,6.93293635288813
137,6.93203257169103
138,6.9314091233994
139,6.93097837126623
140,6.93068029021796
141,6.93047370019548
142,6.93033030365189
143,6.93023062387631
144,6.93016123375614
145,6.93011286194494
146,6.93007909653872
147,6.93005549629891
148,6.93003898030091
149,7.15213931608814
150,7.15454386586584
151,7.15620729654697
152,7.1573598106146
153,7.1581595436173
154,7.15871530202439
155,7.15910207202146
156,7.15937161459649
157,7.15955971547957
158,7.15969115416789
159,7.15978311519471
160,7.15984753380267
161,7.1598927115011
162,7.15992443055258
163,7.15994672401931
164,7.37241727716114
165,7.37473609154689
166,7.37634043761047
167,7.37745216826163
168,7.37822370581758
169,7.37875994107672
170,7.37913317216724
171,7.3793933117547
172,7.37957487259297
173,7.37970175604572
174,7.379790539923
175,7.37985273961123
176,7.37989636562943
177,7.37992699825908
178,7.37994853015758
179,7.37996368033748
180,7.61174329791103
181,7.61426838554394
182,7.61601539452802
183,7.6172259467545
184,7.61806604131363
185,7.61864990831809
186,7.61905628070359
187,7.61933951184175
188,7.61953718390394
189,7.61967532314633
190,7.61977198064988
191,7.61983969480852
192,7.61988718753472
193,7.44609382391647
194,7.44422908880112
195,7.44293930414331
196,7.44204581527098
197,7.4414259178598
198,7.44099519851085
199,7.44069549181263
200,7.44048665440112
201,7.44034093712137
202,7.44023912842987
203,7.44016790726592
204,7.44011802312976
205,7.44008304284259
206,7.44005848614801
207,7.19861524162153
208,7.19598063671027
209,7.19415781483828
210,7.19289470101865
211,7.19201811048167
212,7.19140886551151
213,7.19098482108107
214,7.19068926693747
215,7.19048299035067
216,7.19033883525504
217,7.19023796654323
218,7.19016730094524
219,7.19977477680747
220,7.19984487377707
221,7.1998929825191
222,7.1999260541728
223,7.19994882568501
224,7.19996453027226
225,7.19997537833861
226,7.19998288349352
227,7.19998808389541
228,7.19999169276047
229,7.19999420086578
230,7.19999594646957
231,7.19999716308256
232,7.19999801215948
233,7.19999860550744
234,7.19999902067073
235,7.19999931151077
236,7.19999951549357
237,7.19999965871731
238,7.19999975938651
239,7.19999983021638
240,7.19999988009941
241,7.19999991526228
242,7.19999994007017
243,7.19999995758673
244,7.19999996996449
245,7.19999997871734
246,7.19999998491107
247,7.16137183138643
248,7.1609522401671
249,7.16066195867374
250,7.16046082606246
251,7.1603212527364
252,7.16022425444419
253,7.16015674711906
254,7.16010969870694
255,7.16007686444402
256,7.16005391998462
257,7.16003786625603
258,7.1600266202003
259,7.16001873288726
260,7.16001319504563
261,7.16966634216683
262,7.16976850218161
263,7.16983914446611
264,7.16988806852481
265,7.16992200301526
266,7.16994557557403
267,7.16996197401406
268,7.16997339783148
269,7.16998136702146
270,7.16998693364197
271,7.16999082698835
272,7.16999355337421
273,7.16999546482382
274,7.16999680643842
275,7.16999774910929
276,7.16034137266884
277,7.16023694089619
278,7.16016469893189
279,7.16011464740944
280,7.16007991758496
281,7.16005578352145
282,7.1600389883522
283,7.16002728402215
284,7.16001911635547
285,7.16001340921195
286,7.16000941631381
287,7.16000661936161
288,7.16000465786505
289,7.16000328073854
290,7.15034527338009
291,7.1502396938569
292,7.15016664340279
293,7.15011602185792
294,7.15008088979943
295,7.15005647167287
296,7.1500394757423
297,7.15002762942295
298,7.15001936126625
299,7.15001358295807
300,7.15000953963294
301,7.15000670692856
302,7.15000472007091
303,7.15000332494559
304,7.15000234428513
305,7.15000165426593
306,7.15000116828522
307,7.15000082569822
308,7.1500005839876
309,7.15000041331132
310,7.15000029270133
311,7.15000020740962
312,7.15000014705293
313,7.15000010431427
314,7.15000007403282
315,7.1500000525656
316,7.15000003733898
317,7.1500000265335
318,7.15000001886193
319,7.15000001341301
320,7.15000000954123
321,7.15000000678908
322,7.15000000483211
323,7.13068592448498
324,7.13047612633127
325,7.13033098377833
326,7.13023041618971
327,7.13016062861501
328,7.13011212882086
329,7.13007837469747
330,7.13005485016362
331,7.13003843279893
332,7.13002696040323
333,7.13001893342076
334,7.13001331030874
335,7.12035232711472
336,7.12024465956956
337,7.12017014243692
338,7.1201184895884
339,7.1200826316445
340,7.1200577021213
341,7.12004034558328
342,7.12002824476981
343,7.12001979686399
344,7.12001389150364
345,7.12000975831059
346,7.12000686199754
347,6.56955357986775
348,6.56357293366321
349,6.55943538769677
350,6.55656851964456
351,6.55457908657085
352,6.55319649901026
353,6.55223426420077
354,6.55156364390549
355,6.55109562812087
356,6.55076857935617
357,6.55053974986263
358,6.55037944833638
359,6.03844392975812
360,6.03280536795706
361,6.02890362677914
362,6.02619956295447
363,6.02432271045279
364,6.02301809422051
365,6.02210994321653
366,6.02147689331757
367,6.02103501445107
368,6.02072617424266
369,6.02051004728596
370,6.0203586189441
371,6.02025239882502
372,6.02017780792529
373,5.75938530689976
374,5.75651614790991
375,5.75453074451394
376,5.75315476743771
377,5.75219971267545
378,5.7515358401692
379,5.75107371072231
380,5.75075156892494
381,5.75052670706129
382,5.7503695442714
383,5.75025956064812
384,5.75018250059314
385,5.75012844609199
386,5.61489193449657
387,5.61339667023216
388,5.61236190023972
389,5.61164470501834
390,5.61114687061965
391,5.61080079501148
392,5.61055987170885
393,5.61039191775927
394,5.61027467500803
395,5.61019272556399
396,5.61013537345447
397,5.61009518745594
398,5.61006699711295
399,5.61004719989183
400,5.61003328229047
401,5.61002348831658
402,5.61001658963328
403,5.61001172595479
404,5.6100082940598
405,5.61000587050289
406,5.61000415771824
407,5.6100029463855
408,5.61000208911704
409,5.61000148203805
410,5.61000105187656
411,5.6100007469048
412,5.61000053057618
413,5.61000037705088
414,5.61000026804659
415,5.61000019061971
416,5.6100001356008
417,5.61000009649039
418,5.61000006867903
419,5.61000004889609
420,5.61000003481979
421,5.6100000248012
422,5.6100000176688
423,5.61000001258991
424,5.61000000897251
425,5.6100000063955
426,5.61000000455932
427,5.61000000325077
428,5.61000000231807
429,5.61000000165318
430,5.61000000117912
431,5.61000000084109
432,5.61000000060002
433,5.61000000042808
434,5.61000000030544
435,5.61000000021795
436,5.61000000015553
437,5.61000000011099
438,5.61000000007922
439,5.61000000005654
440,5.61000000004036
441,5.61000000002881
442,5.61000000002056
443,5.61000000001468
444,5.61000000001048
445,5.61000000000748
446,5.61000000000534
447,5.61000000000381
448,5.61000000000272
449,5.61000000000194
450,5.61000000000139
451,5.61000000000099
452,5.61000000000071
453,5.61000000000051
454,5.61000000000036
455,5.61000000000026
456,5.61000000000019
457,5.61000000000013
458,5.61000000000009
459,5.61000000000007
460,5.61000000000005
461,5.61000000000003
462,5.61000000000003
463,5.61000000000002
464,5.67759927634303
465,5.67833356641454
466,5.6788415628827
467,5.67919354768655
468,5.67943780294737
469,5.67960755133618
470,5.67972569013351
471,5.67980802554988
472,5.67986548600411
473,5.67990563915941
474,5.67993373343436
475,5.6799534142097
476,6.52978669116052
477,6.53902745765825
478,6.54542051066007
479,6.54985025501765
480,6.55292426773391
481,6.55506062660043
482,6.556547478526
483,6.557583737463
484,6.55830693489664
485,6.55881230960002
486,6.55916591380624
487,6.55941362597358
488,6.559587358666
489,6.55970934133451
490,6.5597950796767
491,6.55985540372552
492,6.55989788745261
493,6.55992783422757
494,6.94623054101201
495,6.95044140217027
496,6.95335478050082
497,6.95537357644124
498,6.95677459553529
499,6.95774832123829
500,6.95842604626218
501,6.9588984102313
502,6.95922808619185
503,6.95945847695256
504,6.95961968597247
505,6.95973262363445
506,6.95981183576841
507,6.95986745515152
508,6.95990655005636
509,6.95993405759761
510,6.95995343070532
511,6.95996708726573
512,6.95997672238096
513,6.95998352577425
514,6.95998833336443
515,6.9599917330852
516,6.95999413885709
517,6.95999584236119
518,6.95999704931975
519,6.95999790494905
520,6.95999851183552
521,6.95999894250392
522,6.95999924826221
523,6.95999946543223
524,6.95999961974268
525,6.95999972942909
526,6.95999980742308
527,6.95999986289968
528,6.95999990237168
529,6.95999993046414
530,6.9599999504629
531,6.95999996470326
532,6.95999997484554
533,6.9599999820706
534,6.95999998721849
535,6.95999999088705
536,6.95999999350182
537,6.95999999536578
538,6.95999999669471
539,6.95999999764231
540,6.95999999831808
541,6.95999999880006
542,6.95999999914385
543,6.95999999938909
544,6.95999999956406
545,6.95999999968889
546,6.95999999977797
547,6.95999999984153
548,6.95999999988689
549,6.95999999991926
550,6.95999999994237
551,6.95999999995886
552,6.95999999997063
553,6.95999999997903
554,6.95999999998503
555,6.95999999998931
556,6.95999999999237
557,6.95999999999455
558,6.95999999999611
559,6.95999999999722
560,6.95999999999802
561,6.95999999999859
562,6.95999999999899
563,6.95999999999928
564,6.95999999999948
565,6.95999999999963
566,6.95999999999974
567,6.95999999999981
568,6.95999999999987
569,6.9599999999999
570,6.95999999999993
571,6.95999999999995
572,6.95999999999997
573,6.95999999999998
574,6.95999999999998
575,6.95999999999999
576,6.95999999999999
577,6.95999999999999
578,6.96
579,6.96
580,6.96
581,6.96
582,6.96
583,6.96
584,6.96
585,6.96
586,6.96
587,6.96
588,6.96
589,6.96
590,6.96
591,6.96
592,6.96
593,6.96
594,6.96
595,6.96
596,6.96
597,6.96
598,6.96
599,6.96
600,6.96
601,6.96
602,6.96
603,6.96
604,6.96
605,6.96
606,6.96
607,6.96
608,6.96
609,6.96
610,6.96
611,6.96
612,6.96
613,6.96
614,6.96
615,6.96
616,6.96
617,6.96
618,6.96
619,6.96
620,6.96
621,6.96
622,6.96
623,7.09519855268603
624,7.09666713282906
625,7.09768312576538
626,7.09838709537309
627,7.09887560589473
628,7.09921510267235
629,7.09945138026701
630,7.09961605109976
631,7.09973097200821
632,7.09981127831881
633,7.09986746686872
634,7.09990682841939
635,7.09993443426811
636,7.09995381689399
637,7.0709963218369
638,7.07069121116736
639,7.07048024869871
640,7.07033415631134
641,7.07023283243217
642,7.07016245338494
643,7.07011349734714
644,7.07007939509932
645,7.07005560726109
646,7.07003899217791
647,7.07002737220385
648,7.0700192356261
649,7.07001353147783
650,7.07000952806497
651,7.07000671526716
652,7.07000473696218
653,7.07000334421351
654,7.07000236279214
655,7.07000167061005
656,7.07000118201775
657,7.07000083686276
658,6.71269013218488
659,6.70880871204218
660,6.70612346565293
661,6.70426288798688
662,6.70297176311577
663,6.70207447812676
664,6.70144999933122
665,6.70101477593445
666,6.70071104083127
667,6.7004987916707
668,6.70035028550405
669,6.70024625296324
670,6.70017329067638
671,6.70012206233908
672,6.30414743711189
673,6.29982126184794
674,6.29682801285618
675,6.29475381149448
676,6.29331430109016
677,6.29231379589419
678,6.29161741336254
679,6.29113203278736
680,6.29079326366379
681,6.29055651249894
682,6.29039084911421
683,6.29027478827537
684,6.29019338386554
685,6.29013622398961
686,6.29009604548716
687,6.29006777499165
688,6.29004786419688
689,6.29003382837374
690,6.29002392552074
691,6.29001693297238
692,6.29001199164702
693,6.29000849730818
694,6.29000602455015
695,6.29000427359333
696,6.29000303300017
697,6.29000215351783
698,6.2900015297067
699,6.29000108702399
700,6.29000077273335
701,6.29000054950134
702,6.29000039088238
703,6.29000027813264
704,6.29000019795992
705,6.29000014093326
706,5.89406148177766
707,5.88976061105252
708,5.88678518260973
709,5.88472354269148
710,5.88329289430935
711,5.88229864631917
712,5.88160668521436
713,5.88112443114725
714,5.88078787437029
715,5.88055268968741
716,5.88038813613941
717,5.88027286205261
718,5.8801920156581
719,5.93807748862372
720,5.93866698273154
721,5.93907433744563
722,5.9393562697805
723,5.93955169645022
724,5.93968736391888
725,5.93978168419746
726,5.93984735237282
727,5.93989313567692
728,5.93992509829345
729,5.93994744123432
730,5.93996307920044
731,5.99791627430309
732,5.99855335355357
733,5.99899417837675
734,5.99929967563953
735,5.99951170876017
736,5.99965908922867
737,5.99976167786776
738,5.99983318735691
739,5.9998831003949
740,5.99991798470858
741,5.99994239603658
742,5.99995949919496
743,5.99997149593326
744,5.99997992016042
745,5.9999858419773
746,5.99999000890526
747,5.99999294379256
748,5.99999501278984
749,5.99999647261394
750,5.99999750345765
751,5.99999823193654
752,5.99999874711034
753,5.99999911168349
754,5.99999936984526
755,5.99999955276412
756,5.99999968244264
757,5.99999977442511
758,5.9999998397013
759,5.99999988604635
760,5.99999991896465
761,5.99999994235542
762,5.99999995898237
763,5.99999997080546
764,5.99999997921533
765,5.99999998519913
766,5.99999998945791
767,5.99999999248975
768,5.99999999464864
769,5.99999999618628
770,5.99999999728165
771,5.99999999806213
772,5.99999999861832
773,5.99999999901476
774,5.99999999929736
775,5.99999999949885
776,5.99999999964252
777,5.99999999974498
778,5.99999999981806
779,5.99999999987019
780,5.99999999990737
781,5.9999999999339
782,5.99999999995283
783,5.99999999996633
784,5.99999999997597
785,5.99999999998285
786,5.99999999998776
787,5.99999999999126
788,5.99999999999376
789,5.99999999999555
790,5.99999999999682
791,5.99999999999773
792,5.99999999999838
793,5.99999999999884
794,5.99999999999917
795,5.99999999999941
796,5.99999999999958
797,5.9999999999997
798,5.99999999999979
799,5.99999999999985
800,5.99999999999989
801,5.99999999999992
802,5.99999999999994
803,5.99999999999996
804,5.99999999999997
805,5.99999999999998
806,5.99999999999999
807,5.99999999999999
808,5.99999999999999
809,6
810,6
811,6
812,6
813,6
814,6
815,6
816,6
817,6
818,6
819,6
820,6
821,6
822,6
823,6
824,6
825,6
826,6
827,6
828,7.06227434253308
829,7.07381318651406
830,7.08179598815657
831,7.08732717793143
832,7.09116547488712
833,7.09383294956848
834,7.09568941638364
835,7.09698325864098
836,7.09788620863594
837,7.09851718679066
838,7.09895866825424
839,7.09926793758094
840,7.09948484067803
841,7.09963713273851
842,6.82934706817498
843,6.82648521919558
844,6.8245062714212
845,6.82313571839964
846,6.82218507336767
847,6.82152470330167
848,6.82106530784711
849,6.82074527186109
850,6.82052201488556
851,6.82036606478683
852,6.82025699106155
853,6.82018060970508
854,6.82012705893489
855,6.82008947230929
856,6.61726523329088
857,6.61504378723787
858,6.61350671950804
859,6.61244154877012
860,6.61170228252273
861,6.61118844863995
862,6.61083079050838
863,6.61058149241197
864,6.61040748963102
865,6.61028588230707
866,6.61020078637526
867,6.61014116773823
868,6.61009935026942
869,6.61006998635456
870,6.61004934545164
871,6.61003482165913
872,6.61002459235031
873,6.61001738117458
874,6.61001229327588
875,6.61000870055911
876,6.61000616169302
877,6.61000436625802
878,6.61000309570112
879,6.61000219600617
880,6.6100015585415
881,6.61000110662279
882,6.61000078607532
883,6.61000055859834
884,6.61000039709497
885,6.18509054536903
886,6.18047492626591
887,6.17728174766877
888,6.17506923055908
889,6.17353388247128
890,6.17246687174737
891,6.17172427018107
892,6.1712067227134
893,6.17084553519258
894,6.17059313857271
895,6.17041654217039
896,6.17029283172013
897,6.17020606854321
898,5.89009100548802
899,5.88700612931216
900,5.88487144729075
901,5.88339200879199
902,5.88236513930547
903,5.88165134532124
904,5.88115446358355
905,5.88080809569223
906,5.88056632287478
907,5.88039734008604
908,5.88027908446232
909,5.88019622843824
910,5.88013810817255
911,5.88009729405951
912,5.88006860274732
913,5.88004841323482
914,5.88003419273231
915,5.88002416745508
916,5.88001709371246
917,5.88001209850968
918,5.88000856840017
919,5.88000607187908
920,5.88000430512618
921,5.88000305402585
922,5.88000216754944
923,5.88000153907923
924,5.88000109329039
925,5.88000077692723
926,5.8800005523111
927,5.88000039276689
928,5.88000027939805
929,5.88000019881064
930,5.88000014150591
931,5.88000010074413
932,5.88000007174098
933,5.88000005109869
934,5.88000003640326
935,5.88000002593895
936,5.88000001848589
937,5.88000001317644
938,5.88000000939336
939,5.88000000669736
940,5.88000000477576
941,5.8800000034059
942,5.88000000242924
943,5.88000000173281
944,5.88000000123616
945,5.88000000088193
946,5.88000000062926
947,6.99055954036995
948,7.00262287713057
949,7.01096853330144
950,7.01675114072787
951,7.02076390568029
952,7.02355262917745
953,7.02549348082406
954,7.02684613407611
955,7.02779012724054
956,7.02844978621183
957,7.02891133500848
958,7.02923466202744
959,7.02946142435307
960,7.02962063877769
961,7.02973254507591
962,7.02981127962264
963,7.12643712331846
964,7.12752519470064
965,7.12827847886136
966,7.12880078430662
967,7.12916347829781
968,7.12941570466088
969,7.12959135852358
970,7.12971385500221
971,7.12979939489326
972,7.12985920473147
973,7.12990107583389
974,7.12993042342728
975,7.12995101668717
976,7.3713914696858
977,7.3740241066856
978,7.37584554007155
979,7.37710767343219
980,7.37798357110286
981,7.37859232608851
982,7.37901602377443
983,7.37931133238302
984,7.37951743499885
985,7.37966146676035
986,7.61153119545216
987,7.61411936492779
988,7.61591058664282
989,7.61715216198958
990,7.61801404853432
991,7.61861323908699
992,7.61903039724435
993,7.61932122728499
994,7.61952425777052
995,7.61966617872875
996,7.61976550730823
997,7.61983510949906
998,7.61988393771137
999,7.61991822996384
1000,7.61994233881317
1001,7.61995930523839
1002,7.61997125656039
1003,7.61997968276434
1004,7.6199856286633
1005,7.61998982772511
1006,7.61999279540071
1007,7.61999489429652
1008,7.61999637974369
1009,7.61999743170002
1010,7.61999817711038
1011,7.44617199500089
1012,7.44428419541667
1013,7.44297818484073
1014,7.44207326996557
1015,7.44144531919371
1016,7.44100891868884
1017,7.44070520099252
1018,7.44049352955119
1019,7.44034580838442
1020,7.44024258181041
1021,7.44017035675332
1022,7.44011976140734
1023,7.44008427697619
1024,7.4400593627271
1025,7.44004185142507
1026,7.44002953093933
1027,7.44002085424592
1028,7.18893171170485
1029,7.18620003365997
1030,7.18431014297702
1031,7.1830006180232
1032,7.18209186186761
1033,7.18146029063055
1034,7.1810207266377
1035,7.18071436897633
1036,7.18050056134564
1037,7.18035114934363
1038,7.1802466063685
1039,7.18017336946046
1040,7.18012200423263
1041,7.18008593884684
1042,7.1800605891894
1043,7.16072867446543
1044,7.16050631619031
1045,7.16035231993619
1046,7.16024550594423
1047,7.16017130785916
1048,7.1601196914624
1049,7.16008373345617
1050,7.1600586494004
1051,7.16004112777274
1052,7.16002887300297
1053,7.16002029139355
1054,7.16001427489777
1055,7.16001005202591
1056,7.16000708487513
1057,7.16966203737989
1058,7.16976546663734
1059,7.16983700213167
1060,7.16988655536951
1061,7.16992093345411
1062,7.16994481902928
1063,7.16996143852302
1064,7.16997301856817
1065,7.16998109824968
1066,7.16998674306753
1067,7.1699906917909
1068,7.16999345741631
1069,7.16999539668611
1070,7.169996758035
1071,7.16999771471125
1072,7.16999838769245
1073,7.16999886156493
1074,7.16999919554397
1075,7.16999943113297
1076,7.16999959745444
1077,7.1699997149656
1078,7.16999979805162
1079,7.16999985683794
1080,7.1699998984583
1081,7.1699999279432
1082,7.16999994884295
1083,7.1699999636652
1084,7.17965701366007
1085,7.17976191970787
1086,7.17983449593438
1087,7.17988478324515
1088,7.17991967953153
1089,7.17994393120523
1090,7.17996080953039
1091,7.17997257269613
1092,7.17998078201807
1093,7.17998651867117
1094,7.17999053248653
1095,7.17999334427336
1096,7.17999531629599
1097,7.17999670089488
1098,7.17999767408265
1099,7.17999835879469
1100,7.17999884100469
1101,7.1799991809116
1102,7.17999942071664
1103,7.17999959003758
1104,7.17999970968329
1105,7.17999979428876
1106,7.17999985415693
1107,7.17999989654777
1108,7.17999992658149
1109,7.17999994787226
1110,7.17999996297315
1111,7.17034293421146
1112,7.17023804323753
1113,7.17016547771691
1114,7.17011519801283
1115,7.17008030713315
1116,7.17005605930379
1117,7.17003918371296
1118,7.17002742249264
1119,7.17001921455523
1120,7.17001347888772
1121,7.17000946577415
1122,7.17000665448713
1123,7.17000468282053
1124,7.17000329847532
1125,7.16034528599076
1126,7.16023970282591
1127,7.16016664978373
1128,7.16011602639889
1129,7.16008089303186
1130,7.16005647397439
1131,7.16003947738138
1132,7.16002763059051
1133,7.1600193620981
1134,7.16001358355084
1135,7.16000954005541
1136,7.16000670722971
1137,7.16000472028561
1138,7.16966036457625
1139,7.16976428245352
1140,7.16983616332703
1141,7.1698859608674
1142,7.16992051187317
1143,7.16994451992103
1144,7.1699612262077
1145,7.16997286779428
1146,7.16998099113475
1147,7.16998666694017
1148,7.16999063766726
1149,7.16999341892365
1150,7.16033832982412
1151,7.16023480048838
1152,7.16016319185659
1153,7.16011358528946
1154,7.16007916839611
1155,7.16005525462879
1156,7.16003861468738
1157,7.16002701983242
1158,7.16001892943799
1159,7.16001327687956
1160,7.16000932256898
1161,7.16000655291438
1162,7.16000461074138
1163,7.16000324730218
1164,7.16000228912196
1165,7.16000161505932
1166,7.16000114040966
1167,7.16000080587239
1168,7.16000056988262
1169,7.16000040327355
1170,7.16000028555608
1171,7.16000020232211
1172,7.16000014342974
1173,7.16000010173337
1174,7.16000007219402
1175,7.16000005125527
1176,7.16000003640509
1177,7.1600000258678
1178,7.16000001838733
1179,7.16000001307461
1180,7.16000000929991
1181,7.16000000661697
1182,7.16000000470935
1183,7.16000000335255
1184,7.16000000238723
1185,7.16000000170024
1186,7.13102888277848
1187,7.13071418668533
1188,7.13049647366527
1189,7.13034562285839
1190,7.13024094190646
1191,7.13016819250728
1192,7.13011756153021
1193,7.13008227487762
1194,7.13005764893618
1195,7.13004044041789
1196,7.13002839999782
1197,7.13001996536803
1198,7.13001404982062
1199,7.13000989639479
1200,7.13000697709574
1201,7.13000492314796
1202,7.13000347665219
1203,7.13000245702717
1204,7.1300017376803
1205,7.13000122976616
1206,7.13000087086374
1207,7.13000061707208
1208,7.13000043748521
1209,7.1300003103253
1210,7.13000022023312
1211,7.13000015636725
1212,7.13000011106916
1213,5.88424198631778
1214,5.87071004646472
1215,5.86134838105723
1216,5.85486179244084
1217,5.85036050873389
1218,5.84723228260496
1219,5.84505514919968
1220,5.84353782215213
1221,5.84247890597064
1222,5.84173893918764
1223,5.8412212007722
1224,5.84085851144129
1225,5.84060414272462
1226,5.6279706767811
1227,5.62553737803569
1228,5.62385249788879
1229,5.62268406057041
1230,5.62187255727093
1231,5.62130813039616
1232,5.62091499670894
1233,5.62064079544166
1234,5.6204492923929
1235,5.62031537452059
1236,5.62022161034755
1237,5.62015588251548
1238,5.62010975566134
1239,5.62007734942982
1240,5.62005455905769
1241,5.62003851550044
1242,5.62002721091279
1243,5.62001923845178
1244,5.62001361124358
1245,5.62000963625128
1246,5.62000682627427
1247,5.62000483847051
1248,5.62000343135314
1249,5.62000243467313
1250,5.62000172830179
1251,5.62000122740717
1252,5.62000087203744
1253,5.62000061979342
1254,5.6200004406693
1255,5.62000031341659
1256,5.62000022297927
1257,5.62000015868319
1258,5.62000011295683
1259,5.62000008042683
1260,5.62000005727811
1261,5.62000004080077
1262,5.62000002906923
1263,5.62000002071465
1264,5.6200000147637
1265,5.62000001052399
1266,5.62000000750289
1267,5.62000000534977
1268,5.62000000381501
1269,5.62000000272085
1270,5.62000000194071
1271,5.6200000013844
1272,5.62000000098764
1273,5.62000000070465
1274,5.62000000050278
1275,5.62000000035877
1276,5.62000000025603
1277,5.62000000018272
1278,5.62000000013041
1279,5.62000000009308
1280,5.62965703954401
1281,5.62976193810664
1282,5.62983450901709
1283,5.62988479255082
1284,5.62991968615259
1285,5.62994393591748
1286,5.62996081288501
1287,5.62997257508483
1288,5.62998078371935
1289,5.62998651988312
1290,5.62999053335005
1291,5.62999334488873
1292,5.6299953167346
1293,5.62999670120755
1294,5.62999767430557
1295,5.62999835895364
1296,5.62999884111805
1297,5.62999918099245
1298,5.62999942077431
1299,5.62999959007871
1300,5.62999970971264
1301,5.6299997943097
1302,5.62999985417188
1303,5.62999989655843
1304,5.6299999265891
1305,5.62999994787769
1306,5.62999996297702
1307,7.02061365846237
1308,7.03571906182622
1309,7.04616928028834
1310,7.05341011437799
1311,7.0584347967578
1312,7.06192676555366
1313,7.06435705076449
1314,7.06605080888328
1315,7.06723285321188
1316,7.06805886147555
1317,7.06863680120028
1318,7.06904166311662
1319,7.0693256091689
1320,7.08883905240399
1321,7.08918897580789
1322,7.08943270706788
1323,7.08960270589332
1324,7.08972143507027
1325,7.08980446323011
1326,7.08986259702948
1327,7.08990334873528
1328,7.08993194799688
1329,7.08995204048904
1330,7.08996617109488
1331,7.08997611859423
1332,7.08998312784604
1333,7.08998807109894
1334,7.08999156022538
1335,7.08999402492006
1336,7.08999576725857
1337,7.0899969998128
1338,7.08999787231281
1339,7.08999849031967
1340,7.08999892831846
1341,7.08999923890907
1342,7.08999945926482
1343,7.08999961567561
1344,7.08999972674686
1345,7.08999980565399
1346,7.08999986173274
1347,7.08999990160186
1348,7.10931400891138
1349,7.10952382624619
1350,7.10966898244856
1351,7.10976955975286
1352,7.1098393542449
1353,7.1098878589652
1354,7.10992161659746
1355,7.10994514363117
1356,7.10996156277719
1357,7.10997303644243
1358,7.10998106432984
1359,7.10998668808699
1360,7.10033359278586
1361,7.10023146349574
1362,7.10016083901426
1363,7.10011192494282
1364,7.10007799578837
1365,7.10005442585682
1366,7.10003802851333
1367,7.10002660496535
1368,7.10001863562937
1369,7.10001306868165
1370,7.10000917495471
1371,7.1000064482003
1372,7.10000453642373
1373,7.10000319453364
1374,7.10000225163835
1375,7.10000158842273
1376,7.10000112147424
1377,7.10000079240699
1378,7.10000056030403
1379,7.10000039645782
1380,7.10000028070496
1381,7.10000019886843
1382,7.10000014097036
1383,7.10000009998165
1384,7.10000007094609
1385,7.10000005036608
1386,7.1000000357714
1387,7.10000002541611
1388,7.10000001806533
1389,7.10000001284502
1390,7.1000000091362
1391,7.10000000650022
1392,7.10000000462608
1393,7.10000000329316
1394,7.10000000234486
1395,7.10000000167001
1396,7.10000000118963
1397,6.31777980316415
1398,6.3092830178073
1399,6.30340477278794
1400,6.29933180564828
1401,6.29650542325646
1402,6.2945411918374
1403,6.29317415713785
1404,6.29222141871645
1405,6.29155651915195
1406,6.29109188976725
1407,6.29076679885978
1408,6.2905390641655
1409,6.2903793446063
1410,6.29026720226665
1411,6.29018838130465
1412,5.89419430621436
1413,5.88985440903848
1414,5.8868514713188
1415,5.88477042370271
1416,5.88332607208568
1417,5.88232214117209
1418,5.8816233329949
1419,5.88113623386105
1420,5.88079624645987
1421,5.88055863120811
1422,5.8803923546504
1423,5.88027585849124
1424,5.88019414489393
1425,5.88013676532851
1426,5.88009643066987
1427,5.88006804913919
1428,5.88004805936704
1429,5.88003396735171
1430,5.88002402450692
1431,5.88001700348912
1432,5.88001204189197
1433,5.88000853311528
1434,5.88000605007228
1435,5.88000429178741
1436,5.88000304597209
1437,5.88000216276767
1438,5.88000153630325
1439,5.88000109172886
1440,5.88000077608936
1441,5.88000055189542
1442,5.8800003925904
1443,5.8800002793513
1444,5.88000019882949
1445,5.88000014155378
1446,5.880000100801
1447,5.88000007179653
1448,5.8800000511482
1449,5.8800000364451
1450,5.88000002597311
1451,5.88000001851309
1452,5.88000001319773
1453,5.88000000940978
1454,5.88000000670989
1455,5.88000000478524
1456,5.88000000341302
1457,5.88000000243455
1458,5.88000000173676
1459,5.88000000123908
1460,5.88000000088408
1461,5.99588447436172
1462,5.99714325716079
1463,5.99801410812016
1464,5.99861751054907
1465,5.99903623378769
1466,5.99932723097882
1467,5.99952975459795
1468,5.99967090100217
1469,5.99976940462095
1470,5.99983823858931
1471,5.99988640019484
1472,5.99992013866065
1473,5.99994380081228
1474,5.99996041448844
1475,5.9999720916653
1476,5.9999803074426
1477,5.99998609341581
1478,5.99999017190887
1479,5.99999304929133
1480,5.99999508094429
1481,5.99999651655141
1482,5.99999753171624
1483,5.99999825006241
1484,5.99999875870112
1485,5.99999911906918
1486,5.9999993745322
1487,5.99999955572422
1488,5.99999968430159
1489,5.99999977558469
1490,5.99999984041875
1491,5.99999988648581
1492,5.99999991923045
1493,5.9999999425136
1494,5.99999995907449
1495,5.99999997085751
1496,5.99999997924345
1497,5.99999998521325
1498,5.88411551573319
1499,5.88285673578094
1500,5.88198588684933
1501,5.88138248586507
1502,5.88096376365585
1503,5.88067276719837
1504,5.88047024410218
1505,5.88032909807078
1506,5.88023059471781
1507,5.880161760939
1508,5.88011359946865
1509,5.88007986109927
1510,5.88005619901642
1511,5.88003958538932
1512,5.88002790824747
1513,5.88001969249514
1514,5.88001390653976
1515,5.88000982805942
1516,5.88000695068603
1517,5.88000491903956
1518,5.88000348343705
1519,5.88000246827553
1520,5.88000174993171
1521,5.88000124129468
1522,5.88000088092783
1523,5.88000062546567
1524,5.88000044427425
1525,5.88000031569732
1526,5.88000022441453
1527,5.8800001595807
1528,5.8800001135138
1529,5.88000008076926
1530,5.8800000574862
1531,5.88000004092537
1532,5.88000002914239
1533,5.88000002075648
1534,5.8800000147867
1535,5.88000001053589
1536,5.88000000750841
1537,5.88000000535175
1538,5.88000000381513
1539,5.88000000272009
1540,5.88000000193961
1541,5.88000000138323
1542,5.88000000098657
1543,5.88000000070372
1544,5.88000000050202
1545,5.88000000035816
1546,5.88000000025554
1547,5.88000000018234
1548,5.88000000013012
1549,5.88000000009286
1550,5.88000000006627
1551,5.8800000000473
1552,5.88000000003376
1553,5.8800000000241
1554,5.8800000000172
1555,5.88000000001228
1556,5.88000000000877
1557,5.88000000000626
1558,5.88000000000447
1559,5.88000000000319
1560,5.88000000000228
1561,5.88000000000163
1562,5.88000000000116
1563,5.88000000000083
1564,5.88000000000059
1565,5.88000000000042
1566,5.8800000000003
1567,5.88000000000022
1568,5.88000000000015
1569,5.88000000000011
1570,5.88000000000008
1571,5.88000000000006
1572,5.88000000000004
1573,5.88000000000003
1574,5.88000000000002
1575,5.88000000000001
1576,5.88000000000001
1577,5.88000000000001
1578,5.93794223686545
1579,5.93857162835532
1580,5.93900705389945
1581,5.9393087551599
1582,5.93951811681203
1583,5.93966361543101
1584,5.93976487725729
1585,5.93983545047133
1586,5.93988470228923
1587,5.93991911927949
1588,5.9399432000866
1589,5.9399600693226
1590,5.93997190040062
1591,5.93998020724028
1592,5.93998604582984
1593,5.93999015371929
1594,5.93999304670647
1595,5.93999508595341
1596,5.93999652464494
1597,5.93999754047162
1598,5.93999825827534
1599,5.93999876585785
1600,5.93999912503102
1601,5.93999937935043
1602,5.93999955953449
1603,5.93999968726603
1604,5.93999977786206
1605,5.93999984215076
1606,5.93999988779232
1607,5.93999992020936
1608,5.93999994324289
1609,5.93999995961522
1610,5.93999997125679
1611,5.93999997953724
1612,5.93999998542875
1613,5.93999998962172
1614,5.93999999260662
1615,5.93999999473203
1616,5.99794223311122
1617,5.99857162567943
1618,5.99900705199188
1619,5.99930875379985
1620,5.99951811584222
1621,5.99966361473939
1622,5.99976487676401
1623,5.99983545011946
1624,5.99988470203822
1625,5.99991911910041
1626,5.99994319995882
1627,5.99996006923143
1628,5.99997190033556
1629,5.99998020719385
1630,5.9999860457967
1631,5.99999015369564
1632,5.94205080982415
1633,5.94142345758605
1634,5.94098947073689
1635,5.94068878530559
1636,5.94048014145893
1637,5.94033515042372
1638,5.9402342477715
1639,5.9401639288775
1640,5.94011485724412
1641,5.94008056798573
1642,5.94005657777489
1643,5.94003977282775
1644,5.9400279873914
1645,7.06989333184495
1646,7.08216065034149
1647,7.09064735693508
1648,7.09652765016822
1649,7.10060817141826
1650,7.10344396168843
1651,7.10541755566722
1652,7.10679301852212
1653,7.10775292351421
1654,7.10842369716482
1655,7.10889301966228
1656,7.10922179034857
1657,7.10945236918601
1658,7.10961426235364
1659,7.10972805083947
1660,7.10980810924061
1661,7.10986449021496
1662,7.10990423259757
1663,7.03267595496133
1664,7.03185656333828
1665,7.03128998487467
1666,7.03089760852109
1667,7.03062545935398
1668,7.03043641745218
1669,7.03030491315716
1670,7.03021330479647
1671,7.03014940125504
1672,7.03010476479947
1673,7.03007354652199
1674,7.03005168595104
1675,7.03003636005734
1676,7.03002560333409
1677,6.62442238735983
1678,6.6200113311131
1679,6.61695960980083
1680,6.61484506369363
1681,6.61337767204248
1682,6.61235786869352
1683,6.61164810833745
1684,6.61115344007682
1685,6.6108082134266
1686,6.61056696607217
1687,6.61039816778196
1688,6.61027991824243
1689,6.61019698376664
1690,6.61013875292672
1691,6.61009782390982
1692,6.46521343469907
1693,6.46361967535262
1694,6.4625168156472
1695,6.46175247664216
1696,6.4612219510475
1697,6.46085317227775
1698,6.46059645922865
1699,6.46041750813345
1700,6.4602925956131
1701,6.46020528989786
1702,6.46014419236951
1703,6.4601013841171
1704,6.46007135569555
1705,6.46005026860261
1706,6.17998130000137
1707,6.17692880991972
1708,6.1748169058666
1709,6.17335350336948
1710,6.17233793393291
1711,6.17163210973441
1712,6.17114085366682
1713,6.17079845991474
1714,6.17055949662674
1715,6.17039250142862
1716,6.17027565284022
1717,6.17019379348378
1718,6.17013637961105
1719,6.17009606642812
1720,6.00589805940548
1721,6.00409484628528
1722,6.00284709923013
1723,6.00198238099405
1724,6.00138220636238
1725,6.00096502938542
1726,6.00067463650759
1727,6.00047221508682
1728,6.0003309246729
1729,6.00023217524997
1730,6.00016307155598
1731,6.0001146552749
1732,6.00008069405169
1733,6.16422651700304
1734,6.16599302862687
1735,6.16721493792501
1736,6.16806144953256
1737,6.16864878352118
1738,6.16905689679142
1739,6.16934088691843
1740,6.1695387819748
1741,6.16967687028259
1742,6.16977335293755
1743,6.16984085099914
1744,6.16988812929602
1745,6.16992128354163
1746,6.16994455916784
1747,6.16996091702829
1748,6.16997242483571
1749,6.16998052843361
1750,6.16998624007517
1751,6.16999026929283
1752,6.16999311399424
1753,6.16999512396088
1754,6.16999654516957
1755,6.16999755076906
1756,6.1699982627567
1757,6.16999876716576
1758,6.16999912471828
1759,6.16999937830569
1760,6.16999955824724
1761,6.16999968599022
1762,6.16999977671606
1763,6.16999984117759
1764,6.16999988699538
1765,6.16999991957305
1766,6.16999994274421
1767,6.16999995922993
1768,6.16999997096243
1769,6.16999997931436
1770,6.16999998526125
1771,6.1699999894966
1772,6.16999999251365
1773,6.45005413951288
1774,6.45309619991243
1775,6.45520075780088
1776,6.45665898133799
1777,6.45767089654481
1778,6.45837414026554
1779,6.45886357270804
1780,6.45920467677711
1781,6.45944272737386
1782,6.4596090762625
1783,6.45972546690321
1784,6.45980700159601
1785,6.45986418517697
1786,6.45990433492854
1787,6.459932554797
1788,6.9138332650555
1789,6.91877748117383
1790,6.92219817096999
1791,6.92456845119077
1792,6.92621336063161
1793,6.92735656920076
1794,6.92815224015725
1795,6.92870679967212
1796,6.92909383479044
1797,6.92936430543776
1798,6.92955355579631
1799,6.92968613602614
1800,6.92977912353294
1801,7.14229928288461
1802,7.14465294398146
1803,7.1462817941062
1804,7.14741077292704
1805,7.14819446268684
1806,7.14873926739559
1807,7.14911854654333
1808,7.1493829580566
1809,7.14956753854567
1810,7.14969655797257
1811,7.14978685375043
1812,7.14985012426958
1813,7.14989450916623
1814,7.1499256798936
1815,7.1499475935363
1816,7.14996301466774
1817,7.43002802202909
1818,7.43307773924847
1819,7.43518769998476
1820,7.43664973898142
1821,7.43766435069182
1822,7.43836950147989
1823,7.43886028357967
1824,7.43920234342377
1825,7.4394410712652
1826,7.43960790030395
1827,7.43972463153675
1828,7.43980640794447
1829,7.43986376314621
1830,7.61373074539883
1831,7.61564722636188
1832,7.61697341938488
1833,7.61789254973548
1834,7.61853052220681
1835,7.61897399390734
1836,7.61928270499288
1837,7.61949790525207
1838,7.6196481220198
1839,7.61975311469113
1840,7.61982659038135
1841,7.61987807187075
1842,7.61991418453474
1843,7.61993954440343
1844,7.61995737194795
1845,7.61996991696376
1846,7.61997875314
1847,7.61998498258922
1848,7.6199893780675
1849,7.61999248200831
1850,7.61999467557941
1851,7.61999622690091
1852,7.61999732475657
1853,7.61999810219186
1854,7.61999865305259
1855,7.61999904358913
1856,7.61999932060738
1857,7.61999951719997
1858,7.61999965678027
1859,7.61999975592417
1860,7.61999982637406
1861,7.61999987645303
1862,7.6199999120637
1863,7.61999993739422
1864,7.61999995541765
1865,7.61999996824542
1866,7.61999997737765
1867,7.61999998388053
1868,7.61999998851214
1869,7.61999999181162
1870,7.61999999416258
1871,7.61999999583798
1872,7.61999999703214
1873,7.61999999788342
1874,7.61999999849037
1875,7.61999999892315
1876,7.6199999992318
1877,7.61999999945193
1878,7.61999999960895
1879,7.61999999972097
1880,7.61999999980088
1881,7.6199999998579
1882,7.61999999989858
1883,7.61999999992762
1884,7.61999999994834
1885,7.61999999996312
1886,7.61999999997368
1887,7.24337546035585
1888,7.23928441567706
1889,7.236454149644
1890,7.23449309145384
1891,7.23313224071696
1892,7.23218649969496
1893,7.23152829782513
1894,7.23106957193461
1895,7.23074943511872
1896,7.23052572468241
1897,7.23036919943649
1898,7.23025954940266
1899,7.23018264739564
1900,7.23012865293793
1901,7.18180550471802
1902,7.18125431052838
1903,7.18087265149165
1904,7.18060797866954
1905,7.1804241591312
1906,7.1802963074086
1907,7.18020725682923
1908,7.18014514653118
1909,7.18010176872402
1910,7.18007143482266
1911,7.18005019628698
1912,7.18003530833531
1913,7.18002486022942
1914,7.16070344103134
1915,7.16048848170663
1916,7.16033970590663
1917,7.16023657827919
1918,7.16016498526924
1919,7.16011521114974
1920,7.16008055686251
1921,7.16005639599322
1922,7.16003952848085
1923,7.16002773743794
1924,7.16001948475424
1925,7.16001370168283
1926,7.16000964453802
1927,7.16000679510073
1928,7.16000479177141
1929,7.16000338190371
1930,7.16000238875224
1931,7.16000168851948
1932,7.16000119439278
1933,7.16000084542703
1934,7.1600005987912
1935,7.16000042435394
1936,7.1600003008975
1937,7.16000021346722
1938,7.1600001515136
1939,7.16000010758856
1940,7.16000007642961
1941,7.16000005431578
1942,7.16000003861425
1943,7.16000002746096
1944,7.1600000195353
1945,7.16000001390116
1946,7.16000000989463
1947,7.16000000704462
1948,7.16000000501668
1949,7.1600000035733
1950,7.16000000254572
1951,7.16000000181398
1952,7.16000000129279
1953,7.1600000009215
1954,7.16000000065694
1955,7.1600000004684
1956,7.16000000033401
1957,7.16000000023821
1958,7.1600000001699
1959,7.1600000001212
1960,7.16000000008646
1961,7.16000000006169
1962,7.16000000004401
1963,7.16000000003141
1964,7.16000000002241
1965,7.16000000001599
1966,7.16000000001142
1967,7.16000000000815
1968,7.15034296052824
1969,7.15023806194493
1970,7.15016549101972
1971,7.15011520747547
1972,7.15008031386617
1973,7.15005606409591
1974,7.15003918712456
1975,7.150027424922
1976,7.15001921628552
1977,7.15001348012037
1978,7.15000946665244
1979,7.15000665511304
1980,7.15000468326667
1981,7.15000329879336
1982,7.13068824673993
1983,7.13047776492838
1984,7.1303321409158
1985,7.13023123395449
1986,7.13016120695518
1987,7.13011253811107
1988,7.13007866453502
1989,7.13005505553325
1990,7.13003857839842
1991,7.13002706368177
1992,7.13001900671539
1993,7.13001336234813
1994,7.13000940355612
1995,7.12034958441721
1996,7.12024273203212
1997,7.12016878640877
1998,7.12011753469738
1999,7.12008195861099
2000,7.12005722733706
